/*
SQLyog Professional v10.42 
MySQL - 5.1.30-community : Database - crmdb
*********************************************************************
*/

/*!40101 SET NAMES utf8 */;

/*!40101 SET SQL_MODE=''*/;

/*!40014 SET @OLD_UNIQUE_CHECKS=@@UNIQUE_CHECKS, UNIQUE_CHECKS=0 */;
/*!40101 SET @OLD_SQL_MODE=@@SQL_MODE, SQL_MODE='NO_AUTO_VALUE_ON_ZERO' */;
/*!40111 SET @OLD_SQL_NOTES=@@SQL_NOTES, SQL_NOTES=0 */;
CREATE DATABASE /*!32312 IF NOT EXISTS*/`crmdb` /*!40100 DEFAULT CHARACTER SET utf8 */;

USE `crmdb`;

/*Table structure for table `course_period` */

DROP TABLE IF EXISTS `course_period`;

CREATE TABLE `course_period` (
  `id` int(10) NOT NULL AUTO_INCREMENT,
  `start_time` int(4) NOT NULL,
  `end_time` int(4) NOT NULL,
  `create_time` timestamp NOT NULL DEFAULT CURRENT_TIMESTAMP ON UPDATE CURRENT_TIMESTAMP,
  PRIMARY KEY (`id`)
) ENGINE=InnoDB AUTO_INCREMENT=7 DEFAULT CHARSET=utf8 COMMENT='排课时间设置';

/*Data for the table `course_period` */

insert  into `course_period`(`id`,`start_time`,`end_time`,`create_time`) values (1,800,1000,'2015-03-15 10:36:45'),(2,1000,1200,'2015-03-15 10:36:45'),(3,1300,1500,'2015-03-15 10:36:45'),(4,1500,1700,'2015-03-15 10:36:45'),(5,1700,1900,'2015-03-15 10:36:45'),(6,1900,2100,'2015-03-15 10:36:45');

/*Table structure for table `course_schedule` */

DROP TABLE IF EXISTS `course_schedule`;

CREATE TABLE `course_schedule` (
  `id` int(10) NOT NULL AUTO_INCREMENT,
  `teacher_id` int(10) unsigned DEFAULT NULL,
  `student_id` int(10) unsigned DEFAULT NULL,
  `course_type` char(2) NOT NULL COMMENT '课程类型',
  `total_course_hour` int(10) unsigned DEFAULT NULL COMMENT '课时总数',
  `total_cost_hour` int(10) unsigned DEFAULT NULL COMMENT '课时消耗总数',
  `start_date` date NOT NULL COMMENT '开始日期',
  `end_date` date NOT NULL COMMENT '结束日期',
  `week_days` varchar(50) NOT NULL COMMENT '排课日',
  `start_time` int(4) NOT NULL COMMENT '课程开始时间段',
  `end_time` int(4) NOT NULL COMMENT '课程开始时间段',
  `status` char(1) NOT NULL COMMENT '0:未开始 1:开始中 2:结束',
  `iseff` char(1) DEFAULT '0',
  `create_time` timestamp NOT NULL DEFAULT CURRENT_TIMESTAMP ON UPDATE CURRENT_TIMESTAMP,
  `last_update` timestamp NULL DEFAULT '0000-00-00 00:00:00',
  PRIMARY KEY (`id`)
) ENGINE=InnoDB AUTO_INCREMENT=17 DEFAULT CHARSET=utf8 COMMENT='排课计划';

/*Data for the table `course_schedule` */

insert  into `course_schedule`(`id`,`teacher_id`,`student_id`,`course_type`,`total_course_hour`,`total_cost_hour`,`start_date`,`end_date`,`week_days`,`start_time`,`end_time`,`status`,`iseff`,`create_time`,`last_update`) values (2,29,1,'2',70,70,'2015-05-01','2015-06-04','1,5,2,6,3,7,4',800,1000,'1','0','2015-05-05 22:00:04','2015-06-11 06:25:03'),(3,30,1,'1',50,50,'2015-05-01','2015-06-04','1,5,2,6,3',1000,1200,'1','0','2015-05-05 22:50:43','2015-06-11 06:25:05'),(4,29,2,'2',100,NULL,'2015-06-14','2016-05-22','1',1000,1200,'0','0','2015-06-11 06:57:44','2015-06-11 06:57:44'),(5,29,2,'3',100,NULL,'2015-06-14','2016-05-22','1',1500,1700,'0','0','2015-06-11 07:14:38','2015-06-11 07:14:38'),(6,30,2,'1',100,NULL,'2015-06-15','2016-05-23','2',1700,1900,'0','0','2015-06-11 07:16:57','2015-06-11 07:16:57'),(7,29,3,'2',60,NULL,'2015-06-20','2016-01-09','7',1300,1500,'0','0','2015-06-11 08:24:41','2015-06-11 08:24:41'),(8,29,3,'2',60,NULL,'2015-06-23','2016-01-12','3',1700,1900,'0','1','2015-06-11 08:25:22','2015-06-11 08:48:19'),(9,32,3,'4',80,NULL,'2015-06-20','2016-03-19','7',1900,2100,'0','0','2015-06-11 08:31:07','2015-06-11 08:31:07'),(10,32,3,'4',40,4,'2015-06-19','2015-10-30','6',1500,1700,'1','0','2015-06-15 15:20:08','2015-06-30 15:47:01'),(11,32,3,'4',40,4,'2015-06-19','2015-10-30','6',1700,1900,'1','0','2015-06-15 15:20:48','2015-06-30 15:47:01'),(13,32,3,'5',40,2,'2015-06-24','2015-11-04','4',1900,2100,'1','0','2015-06-15 15:35:33','2015-06-25 10:20:00'),(14,29,2,'2',50,4,'2015-06-20','2015-12-05','7',800,1000,'1','0','2015-06-15 15:43:44','2015-06-30 15:47:01'),(15,29,4,'2',150,2,'2015-06-20','2016-11-19','7',1700,1900,'1','0','2015-06-15 16:38:18','2015-06-30 15:47:01'),(16,32,4,'3',50,8,'2015-06-22','2015-09-14','2,3',800,1000,'1','0','2015-06-19 18:18:48','2015-06-30 15:47:01');

/*Table structure for table `course_schedule_detail` */

DROP TABLE IF EXISTS `course_schedule_detail`;

CREATE TABLE `course_schedule_detail` (
  `id` int(10) NOT NULL AUTO_INCREMENT,
  `teacher_id` int(10) unsigned DEFAULT NULL,
  `student_id` int(10) unsigned DEFAULT NULL,
  `course_type` char(2) NOT NULL COMMENT '课程类型',
  `order_id` int(10) unsigned NOT NULL DEFAULT '0' COMMENT '签单表主键',
  `order_course_id` int(10) unsigned NOT NULL DEFAULT '0' COMMENT '签单课程信息表主键',
  `schedule_id` int(10) unsigned DEFAULT '0' COMMENT '排课模板id',
  `date` date NOT NULL COMMENT '日期',
  `is_finish` int(1) NOT NULL DEFAULT '0' COMMENT '是否完结 0:没结束 1:已经结束',
  `start_time` int(4) NOT NULL COMMENT '课程开始时间段',
  `end_time` int(4) NOT NULL COMMENT '课程开始时间段',
  `iseff` char(1) DEFAULT '0',
  `create_time` timestamp NOT NULL DEFAULT CURRENT_TIMESTAMP ON UPDATE CURRENT_TIMESTAMP,
  `last_update` timestamp NOT NULL DEFAULT '0000-00-00 00:00:00',
  PRIMARY KEY (`id`)
) ENGINE=InnoDB AUTO_INCREMENT=250 DEFAULT CHARSET=utf8 COMMENT='排课明细';

/*Data for the table `course_schedule_detail` */

insert  into `course_schedule_detail`(`id`,`teacher_id`,`student_id`,`course_type`,`order_id`,`order_course_id`,`schedule_id`,`date`,`is_finish`,`start_time`,`end_time`,`iseff`,`create_time`,`last_update`) values (9,29,1,'2',2,3,2,'2015-05-06',1,800,1000,'0','2015-05-05 22:00:04','2015-05-06 10:39:07'),(10,29,1,'2',2,3,2,'2015-05-07',1,800,1000,'0','2015-05-05 22:00:04','2015-05-08 10:42:04'),(11,29,1,'2',2,3,2,'2015-05-08',1,800,1000,'0','2015-05-05 22:00:04','2015-05-08 10:42:04'),(12,29,1,'2',2,3,2,'2015-05-09',1,800,1000,'0','2015-05-05 22:00:04','2015-06-11 06:25:00'),(13,29,1,'2',2,3,2,'2015-05-10',1,800,1000,'0','2015-05-05 22:00:04','2015-06-11 06:25:01'),(14,29,1,'2',2,3,2,'2015-05-11',1,800,1000,'0','2015-05-05 22:00:04','2015-06-11 06:25:01'),(15,29,1,'2',2,3,2,'2015-05-12',1,800,1000,'0','2015-05-05 22:00:04','2015-06-11 06:25:01'),(16,29,1,'2',2,3,2,'2015-05-13',1,800,1000,'0','2015-05-05 22:00:04','2015-06-11 06:25:01'),(17,29,1,'2',2,3,2,'2015-05-14',1,800,1000,'0','2015-05-05 22:00:04','2015-06-11 06:25:01'),(18,29,1,'2',2,3,2,'2015-05-15',1,800,1000,'0','2015-05-05 22:00:04','2015-06-11 06:25:01'),(19,29,1,'2',2,3,2,'2015-05-16',1,800,1000,'0','2015-05-05 22:00:04','2015-06-11 06:25:01'),(20,29,1,'2',2,3,2,'2015-05-17',1,800,1000,'0','2015-05-05 22:00:04','2015-06-11 06:25:02'),(21,29,1,'2',2,3,2,'2015-05-18',1,800,1000,'0','2015-05-05 22:00:04','2015-06-11 06:25:02'),(22,29,1,'2',2,3,2,'2015-05-19',1,800,1000,'0','2015-05-05 22:00:04','2015-06-11 06:25:02'),(23,29,1,'2',2,3,2,'2015-05-20',1,800,1000,'0','2015-05-05 22:00:04','2015-06-11 06:25:02'),(24,29,1,'2',2,3,2,'2015-05-21',1,800,1000,'0','2015-05-05 22:00:04','2015-06-11 06:25:02'),(25,29,1,'2',2,3,2,'2015-05-22',1,800,1000,'0','2015-05-05 22:00:04','2015-06-11 06:25:02'),(26,29,1,'2',2,3,2,'2015-05-23',1,800,1000,'0','2015-05-05 22:00:04','2015-06-11 06:25:02'),(27,29,1,'2',2,3,2,'2015-05-24',1,800,1000,'0','2015-05-05 22:00:04','2015-06-11 06:25:02'),(28,29,1,'2',2,3,2,'2015-05-25',1,800,1000,'0','2015-05-05 22:00:04','2015-06-11 06:25:02'),(29,29,1,'2',2,3,2,'2015-05-26',1,800,1000,'0','2015-05-05 22:00:04','2015-06-11 06:25:03'),(30,29,1,'2',2,3,2,'2015-05-27',1,800,1000,'0','2015-05-05 22:00:04','2015-06-11 06:25:03'),(31,29,1,'2',2,3,2,'2015-05-28',1,800,1000,'0','2015-05-05 22:00:04','2015-06-11 06:25:03'),(32,29,1,'2',2,3,2,'2015-05-29',1,800,1000,'0','2015-05-05 22:00:04','2015-06-11 06:25:03'),(33,29,1,'2',2,3,2,'2015-05-30',1,800,1000,'0','2015-05-05 22:00:04','2015-06-11 06:25:03'),(34,29,1,'2',2,3,2,'2015-05-31',1,800,1000,'0','2015-05-05 22:00:04','2015-06-11 06:25:03'),(35,29,1,'2',2,3,2,'2015-06-01',1,800,1000,'0','2015-05-05 22:00:05','2015-06-11 06:25:03'),(36,29,1,'2',2,3,2,'2015-06-02',1,800,1000,'0','2015-05-05 22:00:05','2015-06-11 06:25:03'),(37,29,1,'2',2,3,2,'2015-06-03',1,800,1000,'0','2015-05-05 22:00:05','2015-06-11 06:25:03'),(38,29,1,'2',2,3,2,'2015-06-04',1,800,1000,'0','2015-05-05 22:00:05','2015-06-11 06:25:03'),(41,30,1,'1',2,4,3,'2015-05-04',1,1000,1200,'0','2015-05-05 22:50:43','2015-05-05 22:51:00'),(42,30,1,'1',2,4,3,'2015-05-05',1,1000,1200,'0','2015-05-05 22:50:43','2015-05-05 22:51:00'),(43,30,1,'1',2,4,3,'2015-05-07',1,1000,1200,'0','2015-05-05 22:50:43','2015-05-08 10:42:05'),(44,30,1,'1',2,4,3,'2015-05-08',1,1000,1200,'0','2015-05-05 22:50:43','2015-05-08 12:00:00'),(45,30,1,'1',2,4,3,'2015-05-10',1,1000,1200,'0','2015-05-05 22:50:43','2015-06-11 06:25:04'),(46,30,1,'1',2,4,3,'2015-05-11',1,1000,1200,'0','2015-05-05 22:50:43','2015-06-11 06:25:04'),(47,30,1,'1',2,4,3,'2015-05-12',1,1000,1200,'0','2015-05-05 22:50:43','2015-06-11 06:25:04'),(48,30,1,'1',2,4,3,'2015-05-14',1,1000,1200,'0','2015-05-05 22:50:43','2015-06-11 06:25:04'),(49,30,1,'1',2,4,3,'2015-05-15',1,1000,1200,'0','2015-05-05 22:50:43','2015-06-11 06:25:04'),(50,30,1,'1',2,4,3,'2015-05-17',1,1000,1200,'0','2015-05-05 22:50:43','2015-06-11 06:25:04'),(51,30,1,'1',2,4,3,'2015-05-18',1,1000,1200,'0','2015-05-05 22:50:43','2015-06-11 06:25:04'),(52,30,1,'1',2,4,3,'2015-05-19',1,1000,1200,'0','2015-05-05 22:50:43','2015-06-11 06:25:04'),(53,30,1,'1',2,4,3,'2015-05-21',1,1000,1200,'0','2015-05-05 22:50:43','2015-06-11 06:25:04'),(54,30,1,'1',2,4,3,'2015-05-22',1,1000,1200,'0','2015-05-05 22:50:43','2015-06-11 06:25:04'),(55,30,1,'1',2,4,3,'2015-05-24',1,1000,1200,'0','2015-05-05 22:50:43','2015-06-11 06:25:05'),(56,30,1,'1',2,4,3,'2015-05-25',1,1000,1200,'0','2015-05-05 22:50:43','2015-06-11 06:25:05'),(57,30,1,'1',2,4,3,'2015-05-26',1,1000,1200,'0','2015-05-05 22:50:43','2015-06-11 06:25:05'),(58,30,1,'1',2,4,3,'2015-05-28',1,1000,1200,'0','2015-05-05 22:50:43','2015-06-11 06:25:05'),(59,30,1,'1',2,4,3,'2015-05-29',1,1000,1200,'0','2015-05-05 22:50:43','2015-06-11 06:25:05'),(60,30,1,'1',2,4,3,'2015-05-31',1,1000,1200,'0','2015-05-05 22:50:43','2015-06-11 06:25:05'),(61,30,1,'1',2,4,3,'2015-06-01',1,1000,1200,'0','2015-05-05 22:50:43','2015-06-11 06:25:05'),(62,30,1,'1',2,4,3,'2015-06-02',1,1000,1200,'0','2015-05-05 22:50:43','2015-06-11 06:25:05'),(63,30,1,'1',2,4,3,'2015-06-04',1,1000,1200,'0','2015-05-05 22:50:43','2015-06-11 06:25:05'),(64,32,3,'4',4,8,10,'2015-06-19',1,1500,1700,'0','2015-06-15 15:20:08','2015-06-19 17:25:02'),(65,32,3,'4',4,8,10,'2015-06-26',1,1500,1700,'0','2015-06-15 15:20:08','2015-06-30 15:47:01'),(66,32,3,'4',4,8,10,'2015-07-03',0,1500,1700,'0','2015-06-15 15:20:08','2015-06-15 15:20:08'),(67,32,3,'4',4,8,10,'2015-07-10',0,1500,1700,'0','2015-06-15 15:20:08','2015-06-15 15:20:08'),(68,32,3,'4',4,8,10,'2015-07-17',0,1500,1700,'0','2015-06-15 15:20:08','2015-06-15 15:20:08'),(69,32,3,'4',4,8,10,'2015-07-24',0,1500,1700,'0','2015-06-15 15:20:08','2015-06-15 15:20:08'),(70,32,3,'4',4,8,10,'2015-07-31',0,1500,1700,'0','2015-06-15 15:20:08','2015-06-15 15:20:08'),(71,32,3,'4',4,8,10,'2015-08-07',0,1500,1700,'0','2015-06-15 15:20:08','2015-06-15 15:20:08'),(72,32,3,'4',4,8,10,'2015-08-14',0,1500,1700,'0','2015-06-15 15:20:08','2015-06-15 15:20:08'),(73,32,3,'4',4,8,10,'2015-08-21',0,1500,1700,'0','2015-06-15 15:20:08','2015-06-15 15:20:08'),(74,32,3,'4',4,8,10,'2015-08-28',0,1500,1700,'0','2015-06-15 15:20:09','2015-06-15 15:20:09'),(75,32,3,'4',4,8,10,'2015-09-04',0,1500,1700,'0','2015-06-15 15:20:09','2015-06-15 15:20:09'),(76,32,3,'4',4,8,10,'2015-09-11',0,1500,1700,'0','2015-06-15 15:20:09','2015-06-15 15:20:09'),(77,32,3,'4',4,8,10,'2015-09-18',0,1500,1700,'0','2015-06-15 15:20:09','2015-06-15 15:20:09'),(78,32,3,'4',4,8,10,'2015-09-25',0,1500,1700,'0','2015-06-15 15:20:09','2015-06-15 15:20:09'),(79,32,3,'4',4,8,10,'2015-10-02',0,1500,1700,'0','2015-06-15 15:20:09','2015-06-15 15:20:09'),(80,32,3,'4',4,8,10,'2015-10-09',0,1500,1700,'0','2015-06-15 15:20:09','2015-06-15 15:20:09'),(81,32,3,'4',4,8,10,'2015-10-16',0,1500,1700,'0','2015-06-15 15:20:09','2015-06-15 15:20:09'),(82,32,3,'4',4,8,10,'2015-10-23',0,1500,1700,'0','2015-06-15 15:20:09','2015-06-15 15:20:09'),(83,32,3,'4',4,8,10,'2015-10-30',0,1500,1700,'0','2015-06-15 15:20:09','2015-06-15 15:20:09'),(84,32,3,'4',4,8,11,'2015-06-19',1,1700,1900,'0','2015-06-15 15:20:48','2015-06-23 17:16:00'),(85,32,3,'4',4,8,11,'2015-06-26',1,1700,1900,'0','2015-06-15 15:20:49','2015-06-30 15:47:01'),(86,32,3,'4',4,8,11,'2015-07-03',0,1700,1900,'0','2015-06-15 15:20:49','2015-06-15 15:20:49'),(87,32,3,'4',4,8,11,'2015-07-10',0,1700,1900,'0','2015-06-15 15:20:49','2015-06-15 15:20:49'),(88,32,3,'4',4,8,11,'2015-07-17',0,1700,1900,'0','2015-06-15 15:20:49','2015-06-15 15:20:49'),(89,32,3,'4',4,8,11,'2015-07-24',0,1700,1900,'0','2015-06-15 15:20:49','2015-06-15 15:20:49'),(90,32,3,'4',4,8,11,'2015-07-31',0,1700,1900,'0','2015-06-15 15:20:49','2015-06-15 15:20:49'),(91,32,3,'4',4,8,11,'2015-08-07',0,1700,1900,'0','2015-06-15 15:20:49','2015-06-15 15:20:49'),(92,32,3,'4',4,8,11,'2015-08-14',0,1700,1900,'0','2015-06-15 15:20:49','2015-06-15 15:20:49'),(93,32,3,'4',4,8,11,'2015-08-21',0,1700,1900,'0','2015-06-15 15:20:49','2015-06-15 15:20:49'),(94,32,3,'4',4,8,11,'2015-08-28',0,1700,1900,'0','2015-06-15 15:20:49','2015-06-15 15:20:49'),(95,32,3,'4',4,8,11,'2015-09-04',0,1700,1900,'0','2015-06-15 15:20:49','2015-06-15 15:20:49'),(96,32,3,'4',4,8,11,'2015-09-11',0,1700,1900,'0','2015-06-15 15:20:49','2015-06-15 15:20:49'),(97,32,3,'4',4,8,11,'2015-09-18',0,1700,1900,'0','2015-06-15 15:20:49','2015-06-15 15:20:49'),(98,32,3,'4',4,8,11,'2015-09-25',0,1700,1900,'0','2015-06-15 15:20:49','2015-06-15 15:20:49'),(99,32,3,'4',4,8,11,'2015-10-02',0,1700,1900,'0','2015-06-15 15:20:49','2015-06-15 15:20:49'),(100,32,3,'4',4,8,11,'2015-10-09',0,1700,1900,'0','2015-06-15 15:20:49','2015-06-15 15:20:49'),(101,32,3,'4',4,8,11,'2015-10-16',0,1700,1900,'0','2015-06-15 15:20:49','2015-06-15 15:20:49'),(102,32,3,'4',4,8,11,'2015-10-23',0,1700,1900,'0','2015-06-15 15:20:49','2015-06-15 15:20:49'),(103,32,3,'4',4,8,11,'2015-10-30',0,1700,1900,'0','2015-06-15 15:20:49','2015-06-15 15:20:49'),(105,32,3,'5',4,10,13,'2015-06-24',1,1900,2100,'0','2015-06-15 15:35:33','2015-06-25 10:20:00'),(106,32,3,'5',4,10,13,'2015-07-01',0,1900,2100,'0','2015-06-15 15:35:33','2015-06-15 15:35:33'),(107,32,3,'5',4,10,13,'2015-07-08',0,1900,2100,'0','2015-06-15 15:35:33','2015-06-15 15:35:33'),(108,32,3,'5',4,10,13,'2015-07-15',0,1900,2100,'0','2015-06-15 15:35:33','2015-06-15 15:35:33'),(109,32,3,'5',4,10,13,'2015-07-22',0,1900,2100,'0','2015-06-15 15:35:33','2015-06-15 15:35:33'),(110,32,3,'5',4,10,13,'2015-07-29',0,1900,2100,'0','2015-06-15 15:35:33','2015-06-15 15:35:33'),(111,32,3,'5',4,10,13,'2015-08-05',0,1900,2100,'0','2015-06-15 15:35:33','2015-06-15 15:35:33'),(112,32,3,'5',4,10,13,'2015-08-12',0,1900,2100,'0','2015-06-15 15:35:33','2015-06-15 15:35:33'),(113,32,3,'5',4,10,13,'2015-08-19',0,1900,2100,'0','2015-06-15 15:35:33','2015-06-15 15:35:33'),(114,32,3,'5',4,10,13,'2015-08-26',0,1900,2100,'0','2015-06-15 15:35:33','2015-06-15 15:35:33'),(115,32,3,'5',4,10,13,'2015-09-02',0,1900,2100,'0','2015-06-15 15:35:33','2015-06-15 15:35:33'),(116,32,3,'5',4,10,13,'2015-09-09',0,1900,2100,'0','2015-06-15 15:35:33','2015-06-15 15:35:33'),(117,32,3,'5',4,10,13,'2015-09-16',0,1900,2100,'0','2015-06-15 15:35:33','2015-06-15 15:35:33'),(118,32,3,'5',4,10,13,'2015-09-23',0,1900,2100,'0','2015-06-15 15:35:33','2015-06-15 15:35:33'),(119,32,3,'5',4,10,13,'2015-09-30',0,1900,2100,'0','2015-06-15 15:35:33','2015-06-15 15:35:33'),(120,32,3,'5',4,10,13,'2015-10-07',0,1900,2100,'0','2015-06-15 15:35:33','2015-06-15 15:35:33'),(121,32,3,'5',4,10,13,'2015-10-14',0,1900,2100,'0','2015-06-15 15:35:33','2015-06-15 15:35:33'),(122,32,3,'5',4,10,13,'2015-10-21',0,1900,2100,'0','2015-06-15 15:35:33','2015-06-15 15:35:33'),(123,32,3,'5',4,10,13,'2015-10-28',0,1900,2100,'0','2015-06-15 15:35:33','2015-06-15 15:35:33'),(124,32,3,'5',4,10,13,'2015-11-04',0,1900,2100,'0','2015-06-15 15:35:33','2015-06-15 15:35:33'),(125,29,2,'2',3,6,14,'2015-06-20',1,800,1000,'0','2015-06-15 15:43:44','2015-06-23 17:16:00'),(126,29,2,'2',3,6,14,'2015-06-27',1,800,1000,'0','2015-06-15 15:43:44','2015-06-30 15:47:01'),(127,29,2,'2',3,6,14,'2015-07-04',0,800,1000,'0','2015-06-15 15:43:44','2015-06-15 15:43:44'),(128,29,2,'2',3,6,14,'2015-07-11',0,800,1000,'0','2015-06-15 15:43:44','2015-06-15 15:43:44'),(129,29,2,'2',3,6,14,'2015-07-18',0,800,1000,'0','2015-06-15 15:43:44','2015-06-15 15:43:44'),(130,29,2,'2',3,6,14,'2015-07-25',0,800,1000,'0','2015-06-15 15:43:44','2015-06-15 15:43:44'),(131,29,2,'2',3,6,14,'2015-08-01',0,800,1000,'0','2015-06-15 15:43:44','2015-06-15 15:43:44'),(132,29,2,'2',3,6,14,'2015-08-08',0,800,1000,'0','2015-06-15 15:43:44','2015-06-15 15:43:44'),(133,29,2,'2',3,6,14,'2015-08-15',0,800,1000,'0','2015-06-15 15:43:44','2015-06-15 15:43:44'),(134,29,2,'2',3,6,14,'2015-08-22',0,800,1000,'0','2015-06-15 15:43:44','2015-06-15 15:43:44'),(135,29,2,'2',3,6,14,'2015-08-29',0,800,1000,'0','2015-06-15 15:43:44','2015-06-15 15:43:44'),(136,29,2,'2',3,6,14,'2015-09-05',0,800,1000,'0','2015-06-15 15:43:44','2015-06-15 15:43:44'),(137,29,2,'2',3,6,14,'2015-09-12',0,800,1000,'0','2015-06-15 15:43:44','2015-06-15 15:43:44'),(138,29,2,'2',3,6,14,'2015-09-19',0,800,1000,'0','2015-06-15 15:43:44','2015-06-15 15:43:44'),(139,29,2,'2',3,6,14,'2015-09-26',0,800,1000,'0','2015-06-15 15:43:44','2015-06-15 15:43:44'),(140,29,2,'2',3,6,14,'2015-10-03',0,800,1000,'0','2015-06-15 15:43:44','2015-06-15 15:43:44'),(141,29,2,'2',3,6,14,'2015-10-10',0,800,1000,'0','2015-06-15 15:43:44','2015-06-15 15:43:44'),(142,29,2,'2',3,6,14,'2015-10-17',0,800,1000,'0','2015-06-15 15:43:44','2015-06-15 15:43:44'),(143,29,2,'2',3,6,14,'2015-10-24',0,800,1000,'0','2015-06-15 15:43:44','2015-06-15 15:43:44'),(144,29,2,'2',3,6,14,'2015-10-31',0,800,1000,'0','2015-06-15 15:43:44','2015-06-15 15:43:44'),(145,29,2,'2',3,6,14,'2015-11-07',0,800,1000,'0','2015-06-15 15:43:44','2015-06-15 15:43:44'),(146,29,2,'2',3,6,14,'2015-11-14',0,800,1000,'0','2015-06-15 15:43:44','2015-06-15 15:43:44'),(147,29,2,'2',3,6,14,'2015-11-21',0,800,1000,'0','2015-06-15 15:43:44','2015-06-15 15:43:44'),(148,29,2,'2',3,6,14,'2015-11-28',0,800,1000,'0','2015-06-15 15:43:44','2015-06-15 15:43:44'),(149,29,2,'2',3,6,14,'2015-12-05',0,800,1000,'0','2015-06-15 15:43:44','2015-06-15 15:43:44'),(151,29,4,'2',5,13,15,'2015-06-27',1,1700,1900,'0','2015-06-15 16:38:19','2015-06-30 15:47:01'),(152,29,4,'2',5,13,15,'2015-07-04',0,1700,1900,'0','2015-06-15 16:38:19','2015-06-15 16:38:19'),(153,29,4,'2',5,13,15,'2015-07-11',0,1700,1900,'0','2015-06-15 16:38:19','2015-06-15 16:38:19'),(154,29,4,'2',5,13,15,'2015-07-18',0,1700,1900,'0','2015-06-15 16:38:19','2015-06-15 16:38:19'),(155,29,4,'2',5,13,15,'2015-07-25',0,1700,1900,'0','2015-06-15 16:38:19','2015-06-15 16:38:19'),(156,29,4,'2',5,13,15,'2015-08-01',0,1700,1900,'0','2015-06-15 16:38:19','2015-06-15 16:38:19'),(157,29,4,'2',5,13,15,'2015-08-08',0,1700,1900,'0','2015-06-15 16:38:19','2015-06-15 16:38:19'),(158,29,4,'2',5,13,15,'2015-08-15',0,1700,1900,'0','2015-06-15 16:38:19','2015-06-15 16:38:19'),(159,29,4,'2',5,13,15,'2015-08-22',0,1700,1900,'0','2015-06-15 16:38:19','2015-06-15 16:38:19'),(160,29,4,'2',5,13,15,'2015-08-29',0,1700,1900,'0','2015-06-15 16:38:19','2015-06-15 16:38:19'),(161,29,4,'2',5,13,15,'2015-09-05',0,1700,1900,'0','2015-06-15 16:38:19','2015-06-15 16:38:19'),(162,29,4,'2',5,13,15,'2015-09-12',0,1700,1900,'0','2015-06-15 16:38:19','2015-06-15 16:38:19'),(163,29,4,'2',5,13,15,'2015-09-19',0,1700,1900,'0','2015-06-15 16:38:19','2015-06-15 16:38:19'),(164,29,4,'2',5,13,15,'2015-09-26',0,1700,1900,'0','2015-06-15 16:38:19','2015-06-15 16:38:19'),(165,29,4,'2',5,13,15,'2015-10-03',0,1700,1900,'0','2015-06-15 16:38:19','2015-06-15 16:38:19'),(166,29,4,'2',5,13,15,'2015-10-10',0,1700,1900,'0','2015-06-15 16:38:19','2015-06-15 16:38:19'),(167,29,4,'2',5,13,15,'2015-10-17',0,1700,1900,'0','2015-06-15 16:38:19','2015-06-15 16:38:19'),(168,29,4,'2',5,13,15,'2015-10-24',0,1700,1900,'0','2015-06-15 16:38:19','2015-06-15 16:38:19'),(169,29,4,'2',5,13,15,'2015-10-31',0,1700,1900,'0','2015-06-15 16:38:19','2015-06-15 16:38:19'),(170,29,4,'2',5,13,15,'2015-11-07',0,1700,1900,'0','2015-06-15 16:38:19','2015-06-15 16:38:19'),(171,29,4,'2',5,13,15,'2015-11-14',0,1700,1900,'0','2015-06-15 16:38:19','2015-06-15 16:38:19'),(172,29,4,'2',5,13,15,'2015-11-21',0,1700,1900,'0','2015-06-15 16:38:19','2015-06-15 16:38:19'),(173,29,4,'2',5,13,15,'2015-11-28',0,1700,1900,'0','2015-06-15 16:38:19','2015-06-15 16:38:19'),(174,29,4,'2',5,13,15,'2015-12-05',0,1700,1900,'0','2015-06-15 16:38:19','2015-06-15 16:38:19'),(175,29,4,'2',5,13,15,'2015-12-12',0,1700,1900,'0','2015-06-15 16:38:19','2015-06-15 16:38:19'),(176,29,4,'2',5,13,15,'2015-12-19',0,1700,1900,'0','2015-06-15 16:38:19','2015-06-15 16:38:19'),(177,29,4,'2',5,13,15,'2015-12-26',0,1700,1900,'0','2015-06-15 16:38:19','2015-06-15 16:38:19'),(178,29,4,'2',5,13,15,'2016-01-02',0,1700,1900,'0','2015-06-15 16:38:19','2015-06-15 16:38:19'),(179,29,4,'2',5,13,15,'2016-01-09',0,1700,1900,'0','2015-06-15 16:38:19','2015-06-15 16:38:19'),(180,29,4,'2',5,13,15,'2016-01-16',0,1700,1900,'0','2015-06-15 16:38:19','2015-06-15 16:38:19'),(181,29,4,'2',5,13,15,'2016-01-23',0,1700,1900,'0','2015-06-15 16:38:19','2015-06-15 16:38:19'),(182,29,4,'2',5,13,15,'2016-01-30',0,1700,1900,'0','2015-06-15 16:38:19','2015-06-15 16:38:19'),(183,29,4,'2',5,13,15,'2016-02-06',0,1700,1900,'0','2015-06-15 16:38:19','2015-06-15 16:38:19'),(184,29,4,'2',5,13,15,'2016-02-13',0,1700,1900,'0','2015-06-15 16:38:19','2015-06-15 16:38:19'),(185,29,4,'2',5,13,15,'2016-02-20',0,1700,1900,'0','2015-06-15 16:38:19','2015-06-15 16:38:19'),(186,29,4,'2',5,13,15,'2016-02-27',0,1700,1900,'0','2015-06-15 16:38:19','2015-06-15 16:38:19'),(187,29,4,'2',5,13,15,'2016-03-05',0,1700,1900,'0','2015-06-15 16:38:19','2015-06-15 16:38:19'),(188,29,4,'2',5,13,15,'2016-03-12',0,1700,1900,'0','2015-06-15 16:38:19','2015-06-15 16:38:19'),(189,29,4,'2',5,13,15,'2016-03-19',0,1700,1900,'0','2015-06-15 16:38:19','2015-06-15 16:38:19'),(190,29,4,'2',5,13,15,'2016-03-26',0,1700,1900,'0','2015-06-15 16:38:19','2015-06-15 16:38:19'),(191,29,4,'2',5,13,15,'2016-04-02',0,1700,1900,'0','2015-06-15 16:38:19','2015-06-15 16:38:19'),(192,29,4,'2',5,13,15,'2016-04-09',0,1700,1900,'0','2015-06-15 16:38:19','2015-06-15 16:38:19'),(193,29,4,'2',5,13,15,'2016-04-16',0,1700,1900,'0','2015-06-15 16:38:19','2015-06-15 16:38:19'),(194,29,4,'2',5,13,15,'2016-04-23',0,1700,1900,'0','2015-06-15 16:38:19','2015-06-15 16:38:19'),(195,29,4,'2',5,13,15,'2016-04-30',0,1700,1900,'0','2015-06-15 16:38:19','2015-06-15 16:38:19'),(196,29,4,'2',5,13,15,'2016-05-07',0,1700,1900,'0','2015-06-15 16:38:19','2015-06-15 16:38:19'),(197,29,4,'2',5,13,15,'2016-05-14',0,1700,1900,'0','2015-06-15 16:38:19','2015-06-15 16:38:19'),(198,29,4,'2',5,13,15,'2016-05-21',0,1700,1900,'0','2015-06-15 16:38:19','2015-06-15 16:38:19'),(199,29,4,'2',5,13,15,'2016-05-28',0,1700,1900,'0','2015-06-15 16:38:19','2015-06-15 16:38:19'),(200,29,4,'2',5,13,15,'2016-06-04',0,1700,1900,'0','2015-06-15 16:38:19','2015-06-15 16:38:19'),(201,29,4,'2',5,13,15,'2016-06-11',0,1700,1900,'0','2015-06-15 16:38:19','2015-06-15 16:38:19'),(202,29,4,'2',5,13,15,'2016-06-18',0,1700,1900,'0','2015-06-15 16:38:20','2015-06-15 16:38:20'),(203,29,4,'2',5,13,15,'2016-06-25',0,1700,1900,'0','2015-06-15 16:38:20','2015-06-15 16:38:20'),(204,29,4,'2',5,13,15,'2016-07-02',0,1700,1900,'0','2015-06-15 16:38:20','2015-06-15 16:38:20'),(205,29,4,'2',5,13,15,'2016-07-09',0,1700,1900,'0','2015-06-15 16:38:20','2015-06-15 16:38:20'),(206,29,4,'2',5,13,15,'2016-07-16',0,1700,1900,'0','2015-06-15 16:38:20','2015-06-15 16:38:20'),(207,29,4,'2',5,13,15,'2016-07-23',0,1700,1900,'0','2015-06-15 16:38:20','2015-06-15 16:38:20'),(208,29,4,'2',5,13,15,'2016-07-30',0,1700,1900,'0','2015-06-15 16:38:20','2015-06-15 16:38:20'),(209,29,4,'2',5,13,15,'2016-08-06',0,1700,1900,'0','2015-06-15 16:38:20','2015-06-15 16:38:20'),(210,29,4,'2',5,13,15,'2016-08-13',0,1700,1900,'0','2015-06-15 16:38:20','2015-06-15 16:38:20'),(211,29,4,'2',5,13,15,'2016-08-20',0,1700,1900,'0','2015-06-15 16:38:20','2015-06-15 16:38:20'),(212,29,4,'2',5,13,15,'2016-08-27',0,1700,1900,'0','2015-06-15 16:38:20','2015-06-15 16:38:20'),(213,29,4,'2',5,13,15,'2016-09-03',0,1700,1900,'0','2015-06-15 16:38:20','2015-06-15 16:38:20'),(214,29,4,'2',5,13,15,'2016-09-10',0,1700,1900,'0','2015-06-15 16:38:20','2015-06-15 16:38:20'),(215,29,4,'2',5,13,15,'2016-09-17',0,1700,1900,'0','2015-06-15 16:38:20','2015-06-15 16:38:20'),(216,29,4,'2',5,13,15,'2016-09-24',0,1700,1900,'0','2015-06-15 16:38:20','2015-06-15 16:38:20'),(217,29,4,'2',5,13,15,'2016-10-01',0,1700,1900,'0','2015-06-15 16:38:20','2015-06-15 16:38:20'),(218,29,4,'2',5,13,15,'2016-10-08',0,1700,1900,'0','2015-06-15 16:38:20','2015-06-15 16:38:20'),(219,29,4,'2',5,13,15,'2016-10-15',0,1700,1900,'0','2015-06-15 16:38:20','2015-06-15 16:38:20'),(220,29,4,'2',5,13,15,'2016-10-22',0,1700,1900,'0','2015-06-15 16:38:20','2015-06-15 16:38:20'),(221,29,4,'2',5,13,15,'2016-10-29',0,1700,1900,'0','2015-06-15 16:38:20','2015-06-15 16:38:20'),(222,29,4,'2',5,13,15,'2016-11-05',0,1700,1900,'0','2015-06-15 16:38:20','2015-06-15 16:38:20'),(223,29,4,'2',5,13,15,'2016-11-12',0,1700,1900,'0','2015-06-15 16:38:20','2015-06-15 16:38:20'),(224,29,4,'2',5,13,15,'2016-11-19',0,1700,1900,'0','2015-06-15 16:38:20','2015-06-15 16:38:20'),(225,32,4,'3',5,12,16,'2015-06-22',1,800,1000,'0','2015-06-19 18:18:48','2015-06-23 17:16:00'),(226,32,4,'3',5,12,16,'2015-06-23',1,800,1000,'0','2015-06-19 18:18:48','2015-06-23 17:16:01'),(227,32,4,'3',5,12,16,'2015-06-29',1,800,1000,'0','2015-06-19 18:18:48','2015-06-30 15:47:01'),(228,32,4,'3',5,12,16,'2015-06-30',1,800,1000,'0','2015-06-19 18:18:48','2015-06-30 15:47:01'),(229,32,4,'3',5,12,16,'2015-07-06',0,800,1000,'0','2015-06-19 18:18:48','2015-06-19 18:18:48'),(230,32,4,'3',5,12,16,'2015-07-07',0,800,1000,'0','2015-06-19 18:18:48','2015-06-19 18:18:48'),(231,32,4,'3',5,12,16,'2015-07-13',0,800,1000,'0','2015-06-19 18:18:48','2015-06-19 18:18:48'),(232,32,4,'3',5,12,16,'2015-07-14',0,800,1000,'0','2015-06-19 18:18:49','2015-06-19 18:18:49'),(233,32,4,'3',5,12,16,'2015-07-20',0,800,1000,'0','2015-06-19 18:18:49','2015-06-19 18:18:49'),(234,32,4,'3',5,12,16,'2015-07-21',0,800,1000,'0','2015-06-19 18:18:49','2015-06-19 18:18:49'),(235,32,4,'3',5,12,16,'2015-07-27',0,800,1000,'0','2015-06-19 18:18:49','2015-06-19 18:18:49'),(236,32,4,'3',5,12,16,'2015-07-28',0,800,1000,'0','2015-06-19 18:18:49','2015-06-19 18:18:49'),(237,32,4,'3',5,12,16,'2015-08-03',0,800,1000,'0','2015-06-19 18:18:49','2015-06-19 18:18:49'),(238,32,4,'3',5,12,16,'2015-08-04',0,800,1000,'0','2015-06-19 18:18:49','2015-06-19 18:18:49'),(239,32,4,'3',5,12,16,'2015-08-10',0,800,1000,'0','2015-06-19 18:18:49','2015-06-19 18:18:49'),(240,32,4,'3',5,12,16,'2015-08-11',0,800,1000,'0','2015-06-19 18:18:49','2015-06-19 18:18:49'),(241,32,4,'3',5,12,16,'2015-08-17',0,800,1000,'0','2015-06-19 18:18:49','2015-06-19 18:18:49'),(242,32,4,'3',5,12,16,'2015-08-18',0,800,1000,'0','2015-06-19 18:18:49','2015-06-19 18:18:49'),(243,32,4,'3',5,12,16,'2015-08-24',0,800,1000,'0','2015-06-19 18:18:49','2015-06-19 18:18:49'),(244,32,4,'3',5,12,16,'2015-08-25',0,800,1000,'0','2015-06-19 18:18:49','2015-06-19 18:18:49'),(245,32,4,'3',5,12,16,'2015-08-31',0,800,1000,'0','2015-06-19 18:18:49','2015-06-19 18:18:49'),(246,32,4,'3',5,12,16,'2015-09-01',0,800,1000,'0','2015-06-19 18:18:49','2015-06-19 18:18:49'),(247,32,4,'3',5,12,16,'2015-09-07',0,800,1000,'0','2015-06-19 18:18:49','2015-06-19 18:18:49'),(248,32,4,'3',5,12,16,'2015-09-08',0,800,1000,'0','2015-06-19 18:18:49','2015-06-19 18:18:49'),(249,32,4,'3',5,12,16,'2015-09-14',0,800,1000,'0','2015-06-19 18:18:49','2015-06-19 18:18:49');

/*Table structure for table `customer_exchange` */

DROP TABLE IF EXISTS `customer_exchange`;

CREATE TABLE `customer_exchange` (
  `id` int(10) NOT NULL AUTO_INCREMENT,
  `customer_id` int(10) NOT NULL,
  `cust_status` char(1) NOT NULL COMMENT '客户当前状态',
  `source_type` char(1) NOT NULL COMMENT '咨询量来源',
  `is_book` char(1) NOT NULL COMMENT '是否预约',
  `user_id` int(10) NOT NULL,
  `content` varchar(1000) NOT NULL COMMENT '交流内容',
  `customer_attach_id` varchar(1000) DEFAULT NULL COMMENT '交流录音记录',
  `create_time` timestamp NOT NULL DEFAULT CURRENT_TIMESTAMP,
  `last_update` timestamp NOT NULL DEFAULT '0000-00-00 00:00:00',
  `book_time` timestamp NOT NULL DEFAULT '0000-00-00 00:00:00' COMMENT '预约时间',
  PRIMARY KEY (`id`)
) ENGINE=InnoDB DEFAULT CHARSET=utf8 COMMENT='回访客户交流表';

/*Data for the table `customer_exchange` */

/*Table structure for table `customer_info` */

DROP TABLE IF EXISTS `customer_info`;

CREATE TABLE `customer_info` (
  `id` int(10) NOT NULL AUTO_INCREMENT,
  `name` varchar(50) NOT NULL,
  `sex` char(1) DEFAULT NULL COMMENT '性别',
  `school` varchar(200) DEFAULT NULL COMMENT '学校',
  `classes` varchar(50) DEFAULT NULL COMMENT '班级',
  `brithday` varchar(10) DEFAULT NULL COMMENT '生日',
  `age` varchar(3) DEFAULT NULL COMMENT '年龄',
  `student_type` varchar(1) DEFAULT NULL COMMENT '学生类型',
  `resident_type` varchar(1) DEFAULT NULL COMMENT '户口类型',
  `parent_name` varchar(20) DEFAULT NULL COMMENT '家长名称',
  `phone` varchar(50) DEFAULT NULL COMMENT '电话',
  `addr` varchar(200) DEFAULT NULL COMMENT '家庭住址',
  `iseff` char(1) DEFAULT NULL,
  `create_time` timestamp NOT NULL DEFAULT CURRENT_TIMESTAMP,
  `last_update` timestamp NOT NULL DEFAULT '0000-00-00 00:00:00',
  `email` varchar(45) DEFAULT NULL,
  `class` varchar(50) DEFAULT NULL COMMENT '班级',
  PRIMARY KEY (`id`)
) ENGINE=InnoDB DEFAULT CHARSET=utf8 COMMENT='客户信息表';

/*Data for the table `customer_info` */

/*Table structure for table `flow_task` */

DROP TABLE IF EXISTS `flow_task`;

CREATE TABLE `flow_task` (
  `id` int(10) NOT NULL AUTO_INCREMENT,
  `process_name` varchar(200) NOT NULL DEFAULT '' COMMENT '流程名称',
  `task_name` varchar(200) NOT NULL DEFAULT '' COMMENT '任务名称',
  `assign_type` char(1) DEFAULT NULL COMMENT '指派类型,0:用户,1:角色,2:部门',
  `assigner` varchar(20) DEFAULT NULL COMMENT '被指派',
  `create_time` timestamp NOT NULL DEFAULT CURRENT_TIMESTAMP ON UPDATE CURRENT_TIMESTAMP,
  `last_update` timestamp NOT NULL DEFAULT '0000-00-00 00:00:00',
  `busi_page_name` varchar(50) DEFAULT NULL COMMENT '业务页面对应 follow_busi_page的name字段',
  `type` char(1) CHARACTER SET ucs2 NOT NULL DEFAULT '' COMMENT '0:开始 1:执行中 2:结束',
  PRIMARY KEY (`id`)
) ENGINE=InnoDB AUTO_INCREMENT=12 DEFAULT CHARSET=utf8 COMMENT='流程定义任务权限列表';

/*Data for the table `flow_task` */

insert  into `flow_task`(`id`,`process_name`,`task_name`,`assign_type`,`assigner`,`create_time`,`last_update`,`busi_page_name`,`type`) values (1,'orderProcess','签约','1','1','2012-10-22 20:22:17','2012-04-29 11:25:19','/page/contract/follow/saler_confirm.jsp','0'),(2,'orderProcess','销售主管审批','1','2','2012-10-22 20:22:17','2012-04-29 11:25:19','/page/contract/follow/market_confirm.jsp','1'),(3,'orderProcess','教务部处理','1','3','2012-10-22 20:22:17','2012-04-29 11:25:19','/page/contract/follow/eduadmin_dispatch.jsp','1'),(4,'orderProcess2','待班主任确认','1','4','2015-04-06 22:31:47','2012-04-29 11:25:19','/page/contract/follow/mainteacher_confirm.jsp','1'),(5,'orderProcess','班主任处理中','1','4','2015-04-06 22:31:52','2012-04-29 11:25:19','/page/contract/follow/mainteacher_handle.jsp','1'),(6,'orderProcess','教务部审批','1','3','2012-10-22 20:22:17','2012-04-29 11:25:19','/page/contract/follow/eduadmin_confirm.jsp','1'),(7,'orderProcess','审批通过','','','2012-11-14 21:00:31','2012-04-29 11:25:19','/page/contract/follow/order_detail.jsp','2'),(8,'orderProcess','结束',NULL,NULL,'2012-10-30 21:02:16','2012-04-29 11:25:19',NULL,''),(9,'orderLastProcess','续签','1','3','2012-11-27 22:19:05','2012-07-08 09:46:02','/page/contract/last/last.jsp','0'),(10,'orderLastProcess','审批通过',NULL,'','2012-11-27 22:19:05','2012-10-29 22:01:35',NULL,'2'),(11,'orderLastProcess','结束',NULL,NULL,'2012-10-29 22:01:35','2012-10-29 22:01:35',NULL,'');

/*Table structure for table `flow_task_transition` */

DROP TABLE IF EXISTS `flow_task_transition`;

CREATE TABLE `flow_task_transition` (
  `id` int(10) NOT NULL AUTO_INCREMENT,
  `task_id` int(10) unsigned NOT NULL DEFAULT '0',
  `name` varchar(50) DEFAULT NULL COMMENT '转移动作名称',
  `to` varchar(50) DEFAULT NULL COMMENT '转向的任务名称',
  `create_time` timestamp NOT NULL DEFAULT CURRENT_TIMESTAMP,
  `last_update` timestamp NOT NULL DEFAULT '0000-00-00 00:00:00',
  `need_arrange` char(1) NOT NULL DEFAULT '0' COMMENT '是否需要安排下一步处理人 0:不 1:需要',
  `to_id` int(10) unsigned NOT NULL DEFAULT '0',
  PRIMARY KEY (`id`)
) ENGINE=InnoDB AUTO_INCREMENT=13 DEFAULT CHARSET=utf8 COMMENT='流程任务转变列表';

/*Data for the table `flow_task_transition` */

insert  into `flow_task_transition`(`id`,`task_id`,`name`,`to`,`create_time`,`last_update`,`need_arrange`,`to_id`) values (1,1,'待审批','销售主管审批','2012-04-17 20:40:59','2012-12-01 00:00:00','1',2),(2,2,'通过','教务部处理','2012-04-17 20:40:59','2012-12-01 00:00:00','1',3),(3,2,'不通过','签约','2012-04-17 20:40:59','2012-12-01 00:00:00','0',1),(4,3,'分配任务','班主任处理中','2012-04-17 20:40:59','2012-12-01 00:00:00','1',5),(5,5,'确认','教务部审批','2012-04-17 20:40:59','2012-12-01 00:00:00','1',6),(6,5,'拒绝','教务部处理','2012-04-17 20:40:59','2012-12-01 00:00:00','0',3),(8,6,'通过','审批通过','2012-04-17 20:40:59','2012-12-01 00:00:00','0',7),(9,6,'不通过','班主任处理中','2012-04-17 20:40:59','2012-12-01 00:00:00','0',5),(10,7,'判断授课时间','结束','2012-04-17 20:40:59','2012-04-17 20:40:59','2',0),(11,9,'继单','审批通过','2012-04-17 20:40:59','2012-04-17 20:40:59','0',10),(12,10,'判断授课时间','结束','2012-04-17 20:40:59','2012-04-17 20:40:59','0',0);

/*Table structure for table `jbpm4_deployment` */

DROP TABLE IF EXISTS `jbpm4_deployment`;

CREATE TABLE `jbpm4_deployment` (
  `DBID_` bigint(20) NOT NULL,
  `NAME_` longtext,
  `TIMESTAMP_` bigint(20) DEFAULT NULL,
  `STATE_` varchar(255) DEFAULT NULL,
  PRIMARY KEY (`DBID_`)
) ENGINE=InnoDB DEFAULT CHARSET=utf8;

/*Data for the table `jbpm4_deployment` */

/*Table structure for table `jbpm4_deployprop` */

DROP TABLE IF EXISTS `jbpm4_deployprop`;

CREATE TABLE `jbpm4_deployprop` (
  `DBID_` bigint(20) NOT NULL,
  `DEPLOYMENT_` bigint(20) DEFAULT NULL,
  `OBJNAME_` varchar(255) DEFAULT NULL,
  `KEY_` varchar(255) DEFAULT NULL,
  `STRINGVAL_` varchar(255) DEFAULT NULL,
  `LONGVAL_` bigint(20) DEFAULT NULL,
  PRIMARY KEY (`DBID_`),
  KEY `FK_DEPLPROP_DEPL` (`DEPLOYMENT_`),
  CONSTRAINT `FK_DEPLPROP_DEPL` FOREIGN KEY (`DEPLOYMENT_`) REFERENCES `jbpm4_deployment` (`DBID_`)
) ENGINE=InnoDB DEFAULT CHARSET=utf8;

/*Data for the table `jbpm4_deployprop` */

/*Table structure for table `jbpm4_execution` */

DROP TABLE IF EXISTS `jbpm4_execution`;

CREATE TABLE `jbpm4_execution` (
  `DBID_` bigint(20) NOT NULL,
  `CLASS_` varchar(255) NOT NULL,
  `DBVERSION_` int(11) NOT NULL,
  `ACTIVITYNAME_` varchar(255) DEFAULT NULL,
  `PROCDEFID_` varchar(255) DEFAULT NULL,
  `HASVARS_` bit(1) DEFAULT NULL,
  `NAME_` varchar(255) DEFAULT NULL,
  `KEY_` varchar(255) DEFAULT NULL,
  `ID_` varchar(255) DEFAULT NULL,
  `STATE_` varchar(255) DEFAULT NULL,
  `SUSPHISTSTATE_` varchar(255) DEFAULT NULL,
  `PRIORITY_` int(11) DEFAULT NULL,
  `HISACTINST_` bigint(20) DEFAULT NULL,
  `PARENT_` bigint(20) DEFAULT NULL,
  `INSTANCE_` bigint(20) DEFAULT NULL,
  `SUPEREXEC_` bigint(20) DEFAULT NULL,
  `SUBPROCINST_` bigint(20) DEFAULT NULL,
  `PARENT_IDX_` int(11) DEFAULT NULL,
  PRIMARY KEY (`DBID_`),
  UNIQUE KEY `ID_` (`ID_`),
  KEY `IDX_EXEC_SUPEREXEC` (`SUPEREXEC_`),
  KEY `IDX_EXEC_INSTANCE` (`INSTANCE_`),
  KEY `IDX_EXEC_SUBPI` (`SUBPROCINST_`),
  KEY `IDX_EXEC_PARENT` (`PARENT_`),
  KEY `FK_EXEC_PARENT` (`PARENT_`),
  KEY `FK_EXEC_SUBPI` (`SUBPROCINST_`),
  KEY `FK_EXEC_INSTANCE` (`INSTANCE_`),
  KEY `FK_EXEC_SUPEREXEC` (`SUPEREXEC_`),
  CONSTRAINT `FK_EXEC_INSTANCE` FOREIGN KEY (`INSTANCE_`) REFERENCES `jbpm4_execution` (`DBID_`),
  CONSTRAINT `FK_EXEC_PARENT` FOREIGN KEY (`PARENT_`) REFERENCES `jbpm4_execution` (`DBID_`),
  CONSTRAINT `FK_EXEC_SUBPI` FOREIGN KEY (`SUBPROCINST_`) REFERENCES `jbpm4_execution` (`DBID_`),
  CONSTRAINT `FK_EXEC_SUPEREXEC` FOREIGN KEY (`SUPEREXEC_`) REFERENCES `jbpm4_execution` (`DBID_`)
) ENGINE=InnoDB DEFAULT CHARSET=utf8;

/*Data for the table `jbpm4_execution` */

/*Table structure for table `jbpm4_hist_actinst` */

DROP TABLE IF EXISTS `jbpm4_hist_actinst`;

CREATE TABLE `jbpm4_hist_actinst` (
  `DBID_` bigint(20) NOT NULL,
  `CLASS_` varchar(255) NOT NULL,
  `DBVERSION_` int(11) NOT NULL,
  `HPROCI_` bigint(20) DEFAULT NULL,
  `TYPE_` varchar(255) DEFAULT NULL,
  `EXECUTION_` varchar(255) DEFAULT NULL,
  `ACTIVITY_NAME_` varchar(255) DEFAULT NULL,
  `START_` datetime DEFAULT NULL,
  `END_` datetime DEFAULT NULL,
  `DURATION_` bigint(20) DEFAULT NULL,
  `TRANSITION_` varchar(255) DEFAULT NULL,
  `NEXTIDX_` int(11) DEFAULT NULL,
  `HTASK_` bigint(20) DEFAULT NULL,
  PRIMARY KEY (`DBID_`),
  KEY `FK_HACTI_HPROCI` (`HPROCI_`),
  KEY `FK_HTI_HTASK` (`HTASK_`),
  CONSTRAINT `FK_HACTI_HPROCI` FOREIGN KEY (`HPROCI_`) REFERENCES `jbpm4_hist_procinst` (`DBID_`),
  CONSTRAINT `FK_HTI_HTASK` FOREIGN KEY (`HTASK_`) REFERENCES `jbpm4_hist_task` (`DBID_`)
) ENGINE=InnoDB DEFAULT CHARSET=utf8;

/*Data for the table `jbpm4_hist_actinst` */

insert  into `jbpm4_hist_actinst`(`DBID_`,`CLASS_`,`DBVERSION_`,`HPROCI_`,`TYPE_`,`EXECUTION_`,`ACTIVITY_NAME_`,`START_`,`END_`,`DURATION_`,`TRANSITION_`,`NEXTIDX_`,`HTASK_`) values (10004,'task',1,10001,'task','orderProcess.109','签约','2012-07-08 09:39:20','2012-07-08 09:39:21',1273,'待审批',1,10003),(10006,'task',1,10001,'task','orderProcess.109','销售主管审批','2012-07-08 09:39:21','2012-07-08 09:40:14',53258,'通过',1,10005),(10008,'task',1,10001,'task','orderProcess.109','教务部处理','2012-07-08 09:40:14','2012-07-08 09:44:32',258271,'分配任务',1,10007),(10010,'task',1,10001,'task','orderProcess.109','待班主任确认','2012-07-08 09:44:32','2012-07-08 09:49:32',300106,'确认',1,10009),(10012,'task',1,10001,'task','orderProcess.109','班主任处理中','2012-07-08 09:49:32','2012-07-08 09:58:16',524408,'待审批',1,10011),(10014,'task',1,10001,'task','orderProcess.109','教务部审批','2012-07-08 09:58:16','2012-07-08 10:30:30',1934422,'不通过',1,10013),(10016,'task',1,10001,'task','orderProcess.109','班主任处理中','2012-07-08 10:30:30','2012-07-08 13:30:04',10774434,'待审批',1,10015),(10018,'task',1,10001,'task','orderProcess.109','教务部审批','2012-07-08 13:30:04','2012-07-08 13:58:52',1728723,'通过',1,10017),(10020,'task',0,10001,'task','orderProcess.109','授课中','2012-07-08 13:58:52',NULL,0,NULL,1,10019),(20004,'task',1,20001,'task','orderProcess.110','签约','2012-07-08 14:54:32','2012-07-08 14:54:33',1562,'待审批',1,20003),(20006,'task',1,20001,'task','orderProcess.110','销售主管审批','2012-07-08 14:54:33','2012-07-08 14:58:52',259432,'不通过',1,20005),(20008,'task',1,20001,'task','orderProcess.110','签约','2012-07-08 14:58:52','2012-07-08 14:59:32',40531,'待审批',1,20007),(20010,'task',1,20001,'task','orderProcess.110','销售主管审批','2012-07-08 14:59:32','2012-07-08 23:38:01',31109089,'通过',1,20009),(50008,'task',1,50005,'task','orderProcess.114','签约','2012-07-08 15:33:35','2012-07-08 15:34:57',82152,'待审批',1,50007),(50010,'task',1,50005,'task','orderProcess.114','销售主管审批','2012-07-08 15:34:57','2012-07-08 15:35:45',48578,'通过',1,50009),(50012,'task',1,50005,'task','orderProcess.114','教务部处理','2012-07-08 15:35:45','2012-07-08 15:36:15',30222,'分配任务',1,50011),(50014,'task',1,50005,'task','orderProcess.114','待班主任确认','2012-07-08 15:36:15','2012-07-08 15:36:39',24108,'确认',1,50013),(50016,'task',1,50005,'task','orderProcess.114','班主任处理中','2012-07-08 15:36:39','2012-07-08 15:37:12',33401,'待审批',1,50015),(50018,'task',1,50005,'task','orderProcess.114','教务部审批','2012-07-08 15:37:12','2012-07-08 15:37:48',36373,'通过',1,50017),(50020,'task',0,50005,'task','orderProcess.114','授课中','2012-07-08 15:37:48',NULL,0,NULL,1,50019),(60002,'task',1,20001,'task','orderProcess.110','教务部处理','2012-07-08 23:38:01','2012-07-09 00:30:33',3152192,'分配任务',1,60001),(60004,'task',1,20001,'task','orderProcess.110','待班主任确认','2012-07-09 00:30:33','2012-07-09 20:46:24',72951122,'确认',1,60003),(70002,'task',1,20001,'task','orderProcess.110','班主任处理中','2012-07-09 20:46:24','2012-07-09 20:46:50',26049,'待审批',1,70001),(70004,'task',1,20001,'task','orderProcess.110','教务部审批','2012-07-09 20:46:50','2012-07-09 20:47:10',20179,'通过',1,70003),(70006,'task',0,20001,'task','orderProcess.110','授课中','2012-07-09 20:47:10',NULL,0,NULL,1,70005),(100008,'task',0,100005,'task','orderProcess.119','签约','2012-07-09 23:04:33',NULL,0,NULL,1,100007),(110004,'task',0,110001,'task','orderProcess.120','签约','2012-07-09 23:06:37',NULL,0,NULL,1,110003),(120004,'task',1,120001,'task','orderProcess.121','签约','2012-07-09 23:10:26','2012-07-09 23:10:30',4722,'待审批',1,120003),(120006,'task',0,120001,'task','orderProcess.121','销售主管审批','2012-07-09 23:10:30',NULL,0,NULL,1,120005),(130004,'task',1,130001,'task','orderProcess.1','签约','2012-07-10 20:07:20','2012-07-10 20:07:21',1330,'待审批',1,130003),(130006,'task',1,130001,'task','orderProcess.1','销售主管审批','2012-07-10 20:07:21','2012-07-10 20:07:59',38504,'通过',1,130005),(130008,'task',0,130001,'task','orderProcess.1','教务部处理','2012-07-10 20:07:59',NULL,0,NULL,1,130007),(140004,'task',1,140001,'task','orderProcess.2','签约','2012-07-10 20:10:27','2012-07-10 20:10:27',883,'待审批',1,140003),(140006,'task',1,140001,'task','orderProcess.2','销售主管审批','2012-07-10 20:10:27','2012-07-10 20:14:35',248878,'通过',1,140005),(140008,'task',1,140001,'task','orderProcess.2','教务部处理','2012-07-10 20:14:35','2012-07-10 20:15:09',34080,'分配任务',1,140007),(140010,'task',1,140001,'task','orderProcess.2','待班主任确认','2012-07-10 20:15:09','2012-07-10 20:15:38',29594,'确认',1,140009),(140012,'task',0,140001,'task','orderProcess.2','班主任处理中','2012-07-10 20:15:38',NULL,0,NULL,1,140011),(150004,'task',0,150001,'task','orderProcess.3','签约','2012-07-10 21:07:29',NULL,0,NULL,1,150003),(150008,'task',0,150005,'task','orderProcess.4','签约','2012-07-10 21:10:45',NULL,0,NULL,1,150007),(160008,'task',1,160005,'task','orderProcess.6','签约','2012-07-10 21:12:53','2012-07-10 21:13:11',18180,'待审批',1,160007),(160010,'task',0,160005,'task','orderProcess.6','销售主管审批','2012-07-10 21:13:11',NULL,0,NULL,1,160009),(170004,'task',1,170001,'task','orderProcess.7','签约','2012-07-10 21:22:20','2012-07-10 21:22:22',2220,'待审批',1,170003),(170006,'task',0,170001,'task','orderProcess.7','销售主管审批','2012-07-10 21:22:22',NULL,0,NULL,1,170005),(170010,'task',0,170007,'task','orderProcess.8','签约','2012-07-10 21:24:15',NULL,0,NULL,1,170009),(180008,'task',1,180005,'task','orderProcess.10','签约','2012-07-10 21:29:59','2012-07-10 21:30:00',1768,'待审批',1,180007),(180010,'task',0,180005,'task','orderProcess.10','销售主管审批','2012-07-10 21:30:00',NULL,0,NULL,1,180009),(190008,'task',1,190005,'task','orderProcess.12','签约','2012-07-10 21:37:30','2012-07-10 21:37:31',1511,'待审批',1,190007),(190010,'task',1,190005,'task','orderProcess.12','销售主管审批','2012-07-10 21:37:31','2012-07-10 21:43:28',357199,'通过',1,190009),(200002,'task',1,190005,'task','orderProcess.12','教务部处理','2012-07-10 21:43:30','2012-07-10 22:06:07',1357565,'分配任务',1,200001),(200004,'task',1,190005,'task','orderProcess.12','待班主任确认','2012-07-10 22:06:07','2012-07-10 22:09:14',187069,'确认',1,200003),(200006,'task',0,190005,'task','orderProcess.12','班主任处理中','2012-07-10 22:09:14',NULL,0,NULL,1,200005),(210004,'task',1,210001,'task','orderProcess.13','签约','2012-07-10 22:13:11','2012-07-10 22:13:12',1262,'待审批',1,210003),(210006,'task',1,210001,'task','orderProcess.13','销售主管审批','2012-07-10 22:13:12','2012-07-10 22:13:36',24367,'通过',1,210005),(210008,'task',1,210001,'task','orderProcess.13','教务部处理','2012-07-10 22:13:36','2012-07-10 22:14:06',30845,'分配任务',1,210007),(210010,'task',1,210001,'task','orderProcess.13','待班主任确认','2012-07-10 22:14:06','2012-07-10 22:14:26',20352,'确认',1,210009),(210012,'task',1,210001,'task','orderProcess.13','班主任处理中','2012-07-10 22:14:26','2012-07-10 22:15:21',55236,'待审批',1,210011),(210014,'task',0,210001,'task','orderProcess.13','教务部审批','2012-07-10 22:15:21',NULL,0,NULL,1,210013),(230008,'task',1,230005,'task','orderProcess.16','签约','2012-07-10 22:28:49','2012-07-10 22:28:50',1878,'待审批',1,230007),(230010,'task',1,230005,'task','orderProcess.16','销售主管审批','2012-07-10 22:28:50','2012-07-10 22:29:53',63457,'通过',1,230009),(230012,'task',1,230005,'task','orderProcess.16','教务部处理','2012-07-10 22:29:53','2012-07-10 22:30:39',46133,'分配任务',1,230011),(230014,'task',1,230005,'task','orderProcess.16','待班主任确认','2012-07-10 22:30:39','2012-07-10 22:31:06',27886,'确认',1,230013),(230016,'task',1,230005,'task','orderProcess.16','班主任处理中','2012-07-10 22:31:06','2012-07-10 22:31:51',45679,'待审批',1,230015),(230018,'task',1,230005,'task','orderProcess.16','教务部审批','2012-07-10 22:31:51','2012-07-10 22:32:12',21379,'通过',1,230017),(230020,'task',0,230005,'task','orderProcess.16','授课中','2012-07-10 22:32:12',NULL,0,NULL,1,230019),(240004,'task',1,240001,'task','orderProcess.17','签约','2012-07-11 22:35:01','2012-07-11 22:35:02',1325,'待审批',1,240003),(240006,'task',0,240001,'task','orderProcess.17','销售主管审批','2012-07-11 22:35:02',NULL,0,NULL,1,240005),(250004,'task',1,250001,'task','orderProcess.18','签约','2012-07-11 22:59:28','2012-07-11 22:59:29',1435,'待审批',1,250003),(250006,'task',1,250001,'task','orderProcess.18','销售主管审批','2012-07-11 22:59:29','2012-07-11 23:33:24',2035464,'通过',1,250005),(260002,'task',1,250001,'task','orderProcess.18','教务部处理','2012-07-11 23:33:25','2012-07-11 23:40:03',398528,'分配任务',1,260001),(270002,'task',1,250001,'task','orderProcess.18','待班主任确认','2012-07-11 23:40:04','2012-07-11 23:41:50',106237,'确认',1,270001),(270004,'task',1,250001,'task','orderProcess.18','班主任处理中','2012-07-11 23:41:50','2012-07-11 23:45:02',192958,'待审批',1,270003),(270006,'task',0,250001,'task','orderProcess.18','教务部审批','2012-07-11 23:45:02',NULL,0,NULL,1,270005),(280004,'task',1,280001,'task','orderProcess.19','签约','2012-07-22 20:40:29','2012-07-22 20:40:29',788,'待审批',1,280003),(280006,'task',1,280001,'task','orderProcess.19','销售主管审批','2012-07-22 20:40:29','2012-07-22 20:43:51',202952,'通过',1,280005),(280008,'task',1,280001,'task','orderProcess.19','教务部处理','2012-07-22 20:43:51','2012-07-22 20:44:09',18829,'分配任务',1,280007),(280010,'task',1,280001,'task','orderProcess.19','待班主任确认','2012-07-22 20:44:09','2012-07-22 20:44:22',13755,'确认',1,280009),(280012,'task',1,280001,'task','orderProcess.19','班主任处理中','2012-07-22 20:44:22','2012-07-22 20:44:41',19596,'待审批',1,280011),(280014,'task',1,280001,'task','orderProcess.19','教务部审批','2012-07-22 20:44:41','2012-07-22 20:52:13',452677,'通过',1,280013),(300002,'task',0,280001,'task','orderProcess.19','授课中','2012-07-22 20:52:15',NULL,0,NULL,1,300001),(310004,'task',1,310001,'task','orderProcess.27','签约','2012-08-15 23:39:58','2012-08-15 23:39:59',1558,'待审批',1,310003),(310006,'task',0,310001,'task','orderProcess.27','销售主管审批','2012-08-15 23:39:59',NULL,0,NULL,1,310005),(320004,'task',1,320001,'task','orderProcess.28','签约','2012-08-15 23:55:08','2012-08-15 23:55:09',1285,'待审批',1,320003),(320006,'task',0,320001,'task','orderProcess.28','销售主管审批','2012-08-15 23:55:09',NULL,0,NULL,1,320005),(320010,'task',1,320007,'task','orderProcess.29','签约','2012-08-16 00:05:31','2012-08-16 00:05:31',964,'待审批',1,320009),(320012,'task',1,320007,'task','orderProcess.29','销售主管审批','2012-08-16 00:05:31','2012-08-16 00:09:58',267189,'通过',1,320011),(320014,'task',1,320007,'task','orderProcess.29','教务部处理','2012-08-16 00:09:58','2012-08-16 00:18:07',489163,'分配任务',1,320013),(320016,'task',1,320007,'task','orderProcess.29','待班主任确认','2012-08-16 00:18:07','2012-08-16 00:18:17',10162,'确认',1,320015),(320018,'task',1,320007,'task','orderProcess.29','班主任处理中','2012-08-16 00:18:17','2012-08-16 00:18:42',25249,'待审批',1,320017),(320020,'task',1,320007,'task','orderProcess.29','教务部审批','2012-08-16 00:18:42','2012-08-16 00:18:55',13642,'通过',1,320019),(320022,'task',0,320007,'task','orderProcess.29','授课中','2012-08-16 00:18:55',NULL,0,NULL,1,320021),(320026,'task',1,320023,'task','orderProcess.30','签约','2012-08-16 00:29:35','2012-08-16 00:29:35',679,'待审批',1,320025),(320028,'task',1,320023,'task','orderProcess.30','销售主管审批','2012-08-16 00:29:35','2012-08-16 00:29:56',21313,'通过',1,320027),(320030,'task',1,320023,'task','orderProcess.30','教务部处理','2012-08-16 00:29:56','2012-08-16 00:30:55',59949,'分配任务',1,320029),(320032,'task',0,320023,'task','orderProcess.30','待班主任确认','2012-08-16 00:30:55',NULL,0,NULL,1,320031),(330004,'task',1,330001,'task','orderProcess.31','签约','2012-08-16 20:07:46','2012-08-16 20:07:47',1062,'待审批',1,330003),(330006,'task',0,330001,'task','orderProcess.31','销售主管审批','2012-08-16 20:07:47',NULL,0,NULL,1,330005),(340004,'task',1,340001,'task','orderProcess.32','签约','2012-08-16 20:14:21','2012-08-16 20:14:21',943,'待审批',1,340003),(340006,'task',0,340001,'task','orderProcess.32','销售主管审批','2012-08-16 20:14:21',NULL,0,NULL,1,340005),(340010,'task',1,340007,'task','orderProcess.33','签约','2012-08-16 20:17:16','2012-08-16 20:17:17',1344,'待审批',1,340009),(340012,'task',0,340007,'task','orderProcess.33','销售主管审批','2012-08-16 20:17:17',NULL,0,NULL,1,340011),(350004,'task',1,350001,'task','orderProcess.34','签约','2012-08-16 20:21:38','2012-08-16 20:21:39',1283,'待审批',1,350003),(350006,'task',0,350001,'task','orderProcess.34','销售主管审批','2012-08-16 20:21:39',NULL,0,NULL,1,350005),(360004,'task',1,360001,'task','orderProcess.35','签约','2012-08-16 23:22:53','2012-08-16 23:22:54',1413,'待审批',1,360003),(360006,'task',0,360001,'task','orderProcess.35','销售主管审批','2012-08-16 23:22:54',NULL,0,NULL,1,360005),(370004,'task',1,370001,'task','orderProcess.36','签约','2012-08-17 00:44:47','2012-08-17 00:44:48',1145,'待审批',1,370003),(370006,'task',0,370001,'task','orderProcess.36','销售主管审批','2012-08-17 00:44:48',NULL,0,NULL,1,370005),(380004,'task',1,380001,'task','orderProcess.37','签约','2012-08-17 00:47:24','2012-08-17 00:48:35',71220,'待审批',1,380003),(380006,'task',0,380001,'task','orderProcess.37','销售主管审批','2012-08-17 00:48:35',NULL,0,NULL,1,380005),(390004,'task',1,390001,'task','orderProcess.38','签约','2012-08-17 00:57:00','2012-08-17 00:57:20',20660,'待审批',1,390003),(390006,'task',0,390001,'task','orderProcess.38','销售主管审批','2012-08-17 00:57:20',NULL,0,NULL,1,390005),(400004,'task',1,400001,'task','orderProcess.39','签约','2012-08-17 01:08:54','2012-08-17 01:08:55',1485,'待审批',1,400003),(400006,'task',1,400001,'task','orderProcess.39','销售主管审批','2012-08-17 01:08:55','2012-08-17 01:10:36',101897,'通过',1,400005),(400008,'task',0,400001,'task','orderProcess.39','教务部处理','2012-08-17 01:10:36',NULL,0,NULL,1,400007),(410004,'task',1,410001,'task','orderProcess.40','签约','2012-08-17 23:00:08','2012-08-17 23:00:08',748,'待审批',1,410003),(410006,'task',1,410001,'task','orderProcess.40','销售主管审批','2012-08-17 23:00:08','2012-08-17 23:07:05',417372,'通过',1,410005),(410008,'task',1,410001,'task','orderProcess.40','教务部处理','2012-08-17 23:07:05','2012-08-17 23:25:51',1126408,'分配任务',1,410007),(420002,'task',0,410001,'task','orderProcess.40','待班主任确认','2012-08-17 23:25:51',NULL,0,NULL,1,420001),(430004,'task',1,430001,'task','orderProcess.41','签约','2012-08-17 23:29:34','2012-08-17 23:29:53',19060,'待审批',1,430003),(430006,'task',1,430001,'task','orderProcess.41','销售主管审批','2012-08-17 23:29:53','2012-08-17 23:31:07',74834,'通过',1,430005),(430008,'task',1,430001,'task','orderProcess.41','教务部处理','2012-08-17 23:31:07','2012-08-17 23:31:47',40825,'分配任务',1,430007),(430010,'task',0,430001,'task','orderProcess.41','待班主任确认','2012-08-17 23:31:47',NULL,0,NULL,1,430009),(440004,'task',1,440001,'task','orderProcess.42','签约','2012-08-18 00:49:12','2012-08-18 00:49:13',1447,'待审批',1,440003),(440006,'task',1,440001,'task','orderProcess.42','销售主管审批','2012-08-18 00:49:13','2012-08-18 00:52:54',221571,'不通过',1,440005),(440008,'task',0,440001,'task','orderProcess.42','签约','2012-08-18 00:52:54',NULL,0,NULL,1,440007),(470004,'task',1,470001,'task','orderProcess.45','签约','2012-08-18 01:02:39','2012-08-18 01:02:39',883,'待审批',1,470003),(470006,'task',1,470001,'task','orderProcess.45','销售主管审批','2012-08-18 01:02:39','2012-08-18 01:03:27',48632,'不通过',1,470005),(470008,'task',0,470001,'task','orderProcess.45','签约','2012-08-18 01:03:27',NULL,0,NULL,1,470007),(480004,'task',1,480001,'task','orderProcess.46','签约','2012-08-18 01:10:33','2012-08-18 01:10:33',651,'待审批',1,480003),(480006,'task',1,480001,'task','orderProcess.46','销售主管审批','2012-08-18 01:10:33','2012-08-18 01:11:33',60725,'不通过',1,480005),(480008,'task',0,480001,'task','orderProcess.46','签约','2012-08-18 01:11:33',NULL,0,NULL,1,480007),(490004,'task',1,490001,'task','orderProcess.47','签约','2012-08-18 01:15:10','2012-08-18 01:15:10',935,'待审批',1,490003),(490006,'task',1,490001,'task','orderProcess.47','销售主管审批','2012-08-18 01:15:10','2012-08-18 01:16:24',74562,'不通过',1,490005),(490008,'task',0,490001,'task','orderProcess.47','签约','2012-08-18 01:16:24',NULL,0,NULL,1,490007),(490012,'task',1,490009,'task','orderProcess.48','签约','2012-08-18 01:18:35','2012-08-18 01:18:35',541,'待审批',1,490011),(490014,'task',1,490009,'task','orderProcess.48','销售主管审批','2012-08-18 01:18:35','2012-08-18 01:19:14',39361,'不通过',1,490013),(490016,'task',0,490009,'task','orderProcess.48','签约','2012-08-18 01:19:14',NULL,0,NULL,1,490015),(490020,'task',1,490017,'task','orderProcess.49','签约','2012-08-18 01:20:19','2012-08-18 01:20:23',4094,'待审批',1,490019),(490022,'task',0,490017,'task','orderProcess.49','销售主管审批','2012-08-18 01:20:23',NULL,0,NULL,1,490021),(500004,'task',1,500001,'task','orderProcess.50','签约','2012-08-18 01:26:40','2012-08-18 01:26:43',3146,'待审批',1,500003),(500006,'task',1,500001,'task','orderProcess.50','销售主管审批','2012-08-18 01:26:43','2012-08-18 01:30:50',247499,'不通过',1,500005),(510004,'task',1,500001,'task','orderProcess.50','签约','2012-08-18 01:30:50','2012-08-18 01:32:25',95978,'待审批',1,510003),(510006,'task',0,500001,'task','orderProcess.50','销售主管审批','2012-08-18 01:32:25',NULL,0,NULL,1,510005),(520004,'task',0,520001,'task','orderProcess.51','签约','2012-08-18 18:20:22',NULL,0,NULL,1,520003),(530004,'task',1,530001,'task','orderProcess.52','签约','2012-08-18 18:21:46','2012-08-18 18:21:47',1376,'待审批',1,530003),(530006,'task',1,530001,'task','orderProcess.52','销售主管审批','2012-08-18 18:21:47','2012-08-18 18:37:46',959820,'不通过',1,530005),(540002,'task',1,530001,'task','orderProcess.52','签约','2012-08-18 18:37:47','2012-08-18 18:39:11',84496,'待审批',1,540001),(540004,'task',1,530001,'task','orderProcess.52','销售主管审批','2012-08-18 18:39:11','2012-08-18 18:40:44',93099,'不通过',1,540003),(540006,'task',1,530001,'task','orderProcess.52','签约','2012-08-18 18:40:44','2012-08-18 18:41:38',54041,'待审批',1,540005),(540008,'task',1,530001,'task','orderProcess.52','销售主管审批','2012-08-18 18:41:38','2012-08-18 18:45:22',224472,'不通过',1,540007),(550002,'task',1,530001,'task','orderProcess.52','签约','2012-08-18 18:45:23','2012-08-18 18:51:01',338117,'待审批',1,550001),(560002,'task',0,530001,'task','orderProcess.52','销售主管审批','2012-08-18 18:51:01',NULL,0,NULL,1,560001),(560006,'task',1,560003,'task','orderProcess.53','签约','2012-08-18 19:24:21','2012-08-18 19:24:22',1551,'待审批',1,560005),(560008,'task',1,560003,'task','orderProcess.53','销售主管审批','2012-08-18 19:24:22','2012-08-18 19:30:53',391699,'不通过',1,560007),(570002,'task',1,560003,'task','orderProcess.53','签约','2012-08-18 19:30:55','2012-08-18 19:32:12',77178,'待审批',1,570001),(570004,'task',0,560003,'task','orderProcess.53','销售主管审批','2012-08-18 19:32:12',NULL,0,NULL,1,570003),(570008,'task',1,570005,'task','orderProcess.54','签约','2012-08-18 19:33:38','2012-08-18 19:33:49',11353,'待审批',1,570007),(570010,'task',1,570005,'task','orderProcess.54','销售主管审批','2012-08-18 19:33:49','2012-08-18 19:34:30',41978,'不通过',1,570009),(570012,'task',1,570005,'task','orderProcess.54','签约','2012-08-18 19:34:30','2012-08-18 19:35:25',55239,'待审批',1,570011),(570014,'task',0,570005,'task','orderProcess.54','销售主管审批','2012-08-18 19:35:25',NULL,0,NULL,1,570013),(580004,'task',1,580001,'task','orderProcess.55','签约','2012-08-18 19:39:48','2012-08-18 19:39:57',9347,'待审批',1,580003),(580006,'task',1,580001,'task','orderProcess.55','销售主管审批','2012-08-18 19:39:57','2012-08-18 19:41:53',116009,'不通过',1,580005),(590002,'task',0,580001,'task','orderProcess.55','签约','2012-08-18 19:41:53',NULL,0,NULL,1,590001),(600004,'task',1,600001,'task','orderProcess.56','签约','2012-08-18 19:44:43','2012-08-18 19:44:44',1831,'待审批',1,600003),(600006,'task',0,600001,'task','orderProcess.56','销售主管审批','2012-08-18 19:44:44',NULL,0,NULL,1,600005),(600010,'task',1,600007,'task','orderProcess.57','签约','2012-08-18 19:45:31','2012-08-18 19:45:31',906,'待审批',1,600009),(600012,'task',1,600007,'task','orderProcess.57','销售主管审批','2012-08-18 19:45:31','2012-08-18 19:46:08',37653,'不通过',1,600011),(600014,'task',0,600007,'task','orderProcess.57','签约','2012-08-18 19:46:08',NULL,0,NULL,1,600013),(610004,'task',1,610001,'task','orderProcess.58','签约','2012-08-18 19:48:34','2012-08-18 19:48:34',825,'待审批',1,610003),(610006,'task',1,610001,'task','orderProcess.58','销售主管审批','2012-08-18 19:48:34','2012-08-18 19:49:01',27344,'不通过',1,610005),(610008,'task',1,610001,'task','orderProcess.58','签约','2012-08-18 19:49:01','2012-08-18 19:50:02',61056,'待审批',1,610007),(610010,'task',1,610001,'task','orderProcess.58','销售主管审批','2012-08-18 19:50:02','2012-08-18 19:51:59',117502,'通过',1,610009),(610012,'task',1,610001,'task','orderProcess.58','教务部处理','2012-08-18 19:51:59','2012-08-18 20:44:50',3171495,'分配任务',1,610011),(610014,'task',1,610001,'task','orderProcess.58','待班主任确认','2012-08-18 20:44:50','2012-08-18 20:46:09',79816,'确认',1,610013),(610016,'task',1,610001,'task','orderProcess.58','班主任处理中','2012-08-18 20:46:09','2012-08-18 20:49:05',176929,'待审批',1,610015),(610018,'task',1,610001,'task','orderProcess.58','教务部审批','2012-08-18 20:49:05','2012-08-18 20:50:30',85323,'不通过',1,610017),(610020,'task',1,610001,'task','orderProcess.58','班主任处理中','2012-08-18 20:50:30','2012-08-18 20:52:06',96436,'待审批',1,610019),(610022,'task',1,610001,'task','orderProcess.58','教务部审批','2012-08-18 20:52:06','2012-08-18 20:53:22',76123,'通过',1,610021),(610024,'task',1,610001,'task','orderProcess.58','授课中','2012-08-18 20:53:22','2012-08-18 22:13:18',4796213,'判断授课时间',1,610023),(620004,'task',1,620001,'task','orderProcess.59','签约','2012-08-18 22:41:04','2012-08-18 22:41:04',881,'待审批',1,620003),(620006,'task',1,620001,'task','orderProcess.59','销售主管审批','2012-08-18 22:41:04','2012-08-18 22:41:35',31005,'通过',1,620005),(620008,'task',1,620001,'task','orderProcess.59','教务部处理','2012-08-18 22:41:35','2012-08-18 22:42:17',42816,'分配任务',1,620007),(620010,'task',1,620001,'task','orderProcess.59','待班主任确认','2012-08-18 22:42:17','2012-08-18 22:43:14',57361,'确认',1,620009),(620012,'task',1,620001,'task','orderProcess.59','班主任处理中','2012-08-18 22:43:14','2012-08-18 22:44:26',72524,'待审批',1,620011),(620014,'task',1,620001,'task','orderProcess.59','教务部审批','2012-08-18 22:44:26','2012-08-18 22:45:20',54973,'通过',1,620013),(620016,'task',1,620001,'task','orderProcess.59','授课中','2012-08-18 22:45:20','2012-08-18 22:50:00',280089,'判断授课时间',1,620015),(630004,'task',1,630001,'task','orderProcess.60','签约','2012-08-19 08:17:33','2012-08-19 08:17:43',10591,'待审批',1,630003),(630006,'task',0,630001,'task','orderProcess.60','销售主管审批','2012-08-19 08:17:43',NULL,0,NULL,1,630005),(640004,'task',1,640001,'task','orderProcess.61','签约','2012-08-19 09:04:54','2012-08-19 09:04:55',1104,'待审批',1,640003),(640006,'task',0,640001,'task','orderProcess.61','销售主管审批','2012-08-19 09:04:55',NULL,0,NULL,1,640005),(640010,'task',1,640007,'task','orderProcess.62','签约','2012-08-19 11:02:03','2012-08-19 11:02:03',423,'待审批',1,640009),(640012,'task',1,640007,'task','orderProcess.62','销售主管审批','2012-08-19 11:02:03','2012-08-19 11:04:18',135225,'不通过',1,640011),(640014,'task',1,640007,'task','orderProcess.62','签约','2012-08-19 11:04:18','2012-08-19 11:05:40',82937,'待审批',1,640013),(640016,'task',1,640007,'task','orderProcess.62','销售主管审批','2012-08-19 11:05:40','2012-08-19 11:07:10',90982,'通过',1,640015),(640018,'task',1,640007,'task','orderProcess.62','教务部处理','2012-08-19 11:07:10','2012-08-19 11:21:40',870113,'分配任务',1,640017),(640020,'task',1,640007,'task','orderProcess.62','待班主任确认','2012-08-19 11:21:40','2012-08-19 11:23:38',118552,'确认',1,640019),(640022,'task',1,640007,'task','orderProcess.62','班主任处理中','2012-08-19 11:23:38','2012-08-19 11:27:27',229244,'待审批',1,640021),(640024,'task',1,640007,'task','orderProcess.62','教务部审批','2012-08-19 11:27:27','2012-08-19 11:28:24',57251,'通过',1,640023),(640026,'task',1,640007,'task','orderProcess.62','授课中','2012-08-19 11:28:24','2012-08-19 11:30:00',96122,'判断授课时间',1,640025),(650008,'task',1,650005,'task','orderProcess.64','签约','2012-08-26 16:59:34','2012-08-26 16:59:34',803,'待审批',1,650007),(650010,'task',1,650005,'task','orderProcess.64','销售主管审批','2012-08-26 16:59:34','2012-08-27 20:54:46',100512808,'通过',1,650009),(660004,'task',1,660001,'task','orderProcess.65','签约','2012-08-27 20:45:18','2012-08-27 20:45:18',724,'待审批',1,660003),(660006,'task',0,660001,'task','orderProcess.65','销售主管审批','2012-08-27 20:45:18',NULL,0,NULL,1,660005),(670002,'task',0,650005,'task','orderProcess.64','教务部处理','2012-08-27 20:54:47',NULL,0,NULL,1,670001),(680004,'task',1,680001,'task','orderProcess.66','签约','2012-09-11 22:36:55','2012-09-11 22:36:56',1066,'待审批',1,680003),(680006,'task',0,680001,'task','orderProcess.66','销售主管审批','2012-09-11 22:36:56',NULL,0,NULL,1,680005),(690004,'task',1,690001,'task','orderProcess.67','签约','2012-10-10 21:03:05','2012-10-10 21:03:06',1057,'待审批',1,690003),(690006,'task',0,690001,'task','orderProcess.67','销售主管审批','2012-10-10 21:03:06',NULL,0,NULL,1,690005),(690010,'task',1,690007,'task','orderProcess.68','签约','2012-10-10 21:12:36','2012-10-10 21:12:36',841,'待审批',1,690009),(690012,'task',0,690007,'task','orderProcess.68','销售主管审批','2012-10-10 21:12:36',NULL,0,NULL,1,690011),(700004,'task',1,700001,'task','orderProcess.69','签约','2012-10-10 21:19:29','2012-10-10 21:19:31',2423,'待审批',1,700003),(700006,'task',1,700001,'task','orderProcess.69','销售主管审批','2012-10-10 21:19:31','2012-10-10 21:25:37',366294,'通过',1,700005),(700008,'task',1,700001,'task','orderProcess.69','教务部处理','2012-10-10 21:25:37','2012-10-10 21:26:04',27487,'分配任务',1,700007),(700010,'task',1,700001,'task','orderProcess.69','待班主任确认','2012-10-10 21:26:04','2012-10-10 21:26:56',52422,'确认',1,700009),(700012,'task',1,700001,'task','orderProcess.69','班主任处理中','2012-10-10 21:26:56','2012-10-10 21:35:18',502000,'待审批',1,700011),(700014,'task',1,700001,'task','orderProcess.69','教务部审批','2012-10-10 21:35:18','2012-10-10 21:35:47',29473,'不通过',1,700013),(700016,'task',1,700001,'task','orderProcess.69','班主任处理中','2012-10-10 21:35:47','2012-10-10 21:37:09',82093,'待审批',1,700015),(700018,'task',1,700001,'task','orderProcess.69','教务部审批','2012-10-10 21:37:09','2012-10-10 21:37:28',19552,'通过',1,700017),(700020,'task',0,700001,'task','orderProcess.69','授课中','2012-10-10 21:37:28',NULL,0,NULL,1,700019),(700024,'task',1,700021,'task','orderProcess.70','签约','2012-10-10 21:49:43','2012-10-10 21:49:44',1845,'待审批',1,700023),(700026,'task',1,700021,'task','orderProcess.70','销售主管审批','2012-10-10 21:49:44','2012-10-10 21:50:51',67434,'通过',1,700025),(700028,'task',1,700021,'task','orderProcess.70','教务部处理','2012-10-10 21:50:51','2012-10-10 21:51:10',19936,'分配任务',1,700027),(700030,'task',1,700021,'task','orderProcess.70','待班主任确认','2012-10-10 21:51:10','2012-10-10 21:54:49',219999,'确认',1,700029),(700032,'task',0,700021,'task','orderProcess.70','班主任处理中','2012-10-10 21:54:50',NULL,0,NULL,1,700031),(700036,'task',1,700033,'task','orderProcess.71','签约','2012-10-10 22:26:29','2012-10-10 22:26:30',1382,'待审批',1,700035),(700038,'task',0,700033,'task','orderProcess.71','销售主管审批','2012-10-10 22:26:30',NULL,0,NULL,1,700037),(710004,'task',1,710001,'task','orderProcess.72','签约','2012-10-16 22:59:05','2012-10-16 22:59:05',891,'待审批',1,710003),(710006,'task',0,710001,'task','orderProcess.72','销售主管审批','2012-10-16 22:59:05',NULL,0,NULL,1,710005),(720004,'task',1,720001,'task','orderProcess.73','签约','2012-10-18 22:00:50','2012-10-18 22:00:59',9177,'待审批',1,720003),(720006,'task',1,720001,'task','orderProcess.73','销售主管审批','2012-10-18 22:00:59','2012-10-18 22:01:40',41041,'通过',1,720005),(720008,'task',1,720001,'task','orderProcess.73','教务部处理','2012-10-18 22:01:40','2012-10-18 22:02:42',62981,'分配任务',1,720007),(720010,'task',1,720001,'task','orderProcess.73','待班主任确认','2012-10-18 22:02:43','2012-10-18 22:03:31',48150,'确认',1,720009),(720012,'task',1,720001,'task','orderProcess.73','班主任处理中','2012-10-18 22:03:31','2012-10-18 22:04:13',42149,'待审批',1,720011),(720014,'task',1,720001,'task','orderProcess.73','教务部审批','2012-10-18 22:04:13','2012-10-18 22:04:37',24000,'通过',1,720013),(720016,'task',0,720001,'task','orderProcess.73','授课中','2012-10-18 22:04:37',NULL,0,NULL,1,720015),(720020,'task',1,720017,'task','orderProcess.74','签约','2012-10-18 22:08:35','2012-10-18 22:08:36',1533,'待审批',1,720019),(720022,'task',1,720017,'task','orderProcess.74','销售主管审批','2012-10-18 22:08:36','2012-10-18 22:09:30',54543,'通过',1,720021),(720024,'task',0,720017,'task','orderProcess.74','教务部处理','2012-10-18 22:09:30',NULL,0,NULL,1,720023);

/*Table structure for table `jbpm4_hist_detail` */

DROP TABLE IF EXISTS `jbpm4_hist_detail`;

CREATE TABLE `jbpm4_hist_detail` (
  `DBID_` bigint(20) NOT NULL,
  `CLASS_` varchar(255) NOT NULL,
  `DBVERSION_` int(11) NOT NULL,
  `USERID_` varchar(255) DEFAULT NULL,
  `TIME_` datetime DEFAULT NULL,
  `HPROCI_` bigint(20) DEFAULT NULL,
  `HPROCIIDX_` int(11) DEFAULT NULL,
  `HACTI_` bigint(20) DEFAULT NULL,
  `HACTIIDX_` int(11) DEFAULT NULL,
  `HTASK_` bigint(20) DEFAULT NULL,
  `HTASKIDX_` int(11) DEFAULT NULL,
  `HVAR_` bigint(20) DEFAULT NULL,
  `HVARIDX_` int(11) DEFAULT NULL,
  `MESSAGE_` longtext,
  `OLD_STR_` varchar(255) DEFAULT NULL,
  `NEW_STR_` varchar(255) DEFAULT NULL,
  `OLD_INT_` int(11) DEFAULT NULL,
  `NEW_INT_` int(11) DEFAULT NULL,
  `OLD_TIME_` datetime DEFAULT NULL,
  `NEW_TIME_` datetime DEFAULT NULL,
  `PARENT_` bigint(20) DEFAULT NULL,
  `PARENT_IDX_` int(11) DEFAULT NULL,
  PRIMARY KEY (`DBID_`),
  KEY `FK_HDETAIL_HVAR` (`HVAR_`),
  KEY `FK_HDETAIL_HPROCI` (`HPROCI_`),
  KEY `FK_HDETAIL_HTASK` (`HTASK_`),
  KEY `FK_HDETAIL_HACTI` (`HACTI_`),
  CONSTRAINT `FK_HDETAIL_HACTI` FOREIGN KEY (`HACTI_`) REFERENCES `jbpm4_hist_actinst` (`DBID_`),
  CONSTRAINT `FK_HDETAIL_HPROCI` FOREIGN KEY (`HPROCI_`) REFERENCES `jbpm4_hist_procinst` (`DBID_`),
  CONSTRAINT `FK_HDETAIL_HTASK` FOREIGN KEY (`HTASK_`) REFERENCES `jbpm4_hist_task` (`DBID_`),
  CONSTRAINT `FK_HDETAIL_HVAR` FOREIGN KEY (`HVAR_`) REFERENCES `jbpm4_hist_var` (`DBID_`)
) ENGINE=InnoDB DEFAULT CHARSET=utf8;

/*Data for the table `jbpm4_hist_detail` */

/*Table structure for table `jbpm4_hist_procinst` */

DROP TABLE IF EXISTS `jbpm4_hist_procinst`;

CREATE TABLE `jbpm4_hist_procinst` (
  `DBID_` bigint(20) NOT NULL,
  `DBVERSION_` int(11) NOT NULL,
  `ID_` varchar(255) DEFAULT NULL,
  `PROCDEFID_` varchar(255) DEFAULT NULL,
  `KEY_` varchar(255) DEFAULT NULL,
  `START_` datetime DEFAULT NULL,
  `END_` datetime DEFAULT NULL,
  `DURATION_` bigint(20) DEFAULT NULL,
  `STATE_` varchar(255) DEFAULT NULL,
  `ENDACTIVITY_` varchar(255) DEFAULT NULL,
  `NEXTIDX_` int(11) DEFAULT NULL,
  PRIMARY KEY (`DBID_`)
) ENGINE=InnoDB DEFAULT CHARSET=utf8;

/*Data for the table `jbpm4_hist_procinst` */

/*Table structure for table `jbpm4_hist_task` */

DROP TABLE IF EXISTS `jbpm4_hist_task`;

CREATE TABLE `jbpm4_hist_task` (
  `DBID_` bigint(20) NOT NULL,
  `DBVERSION_` int(11) NOT NULL,
  `EXECUTION_` varchar(255) DEFAULT NULL,
  `OUTCOME_` varchar(255) DEFAULT NULL,
  `ASSIGNEE_` varchar(255) DEFAULT NULL,
  `PRIORITY_` int(11) DEFAULT NULL,
  `STATE_` varchar(255) DEFAULT NULL,
  `CREATE_` datetime DEFAULT NULL,
  `END_` datetime DEFAULT NULL,
  `DURATION_` bigint(20) DEFAULT NULL,
  `NEXTIDX_` int(11) DEFAULT NULL,
  `SUPERTASK_` bigint(20) DEFAULT NULL,
  PRIMARY KEY (`DBID_`),
  KEY `FK_HSUPERT_SUB` (`SUPERTASK_`),
  CONSTRAINT `FK_HSUPERT_SUB` FOREIGN KEY (`SUPERTASK_`) REFERENCES `jbpm4_hist_task` (`DBID_`)
) ENGINE=InnoDB DEFAULT CHARSET=utf8;

/*Data for the table `jbpm4_hist_task` */

/*Table structure for table `jbpm4_hist_var` */

DROP TABLE IF EXISTS `jbpm4_hist_var`;

CREATE TABLE `jbpm4_hist_var` (
  `DBID_` bigint(20) NOT NULL,
  `DBVERSION_` int(11) NOT NULL,
  `PROCINSTID_` varchar(255) DEFAULT NULL,
  `EXECUTIONID_` varchar(255) DEFAULT NULL,
  `VARNAME_` varchar(255) DEFAULT NULL,
  `VALUE_` varchar(255) DEFAULT NULL,
  `HPROCI_` bigint(20) DEFAULT NULL,
  `HTASK_` bigint(20) DEFAULT NULL,
  PRIMARY KEY (`DBID_`),
  KEY `FK_HVAR_HPROCI` (`HPROCI_`),
  KEY `FK_HVAR_HTASK` (`HTASK_`),
  CONSTRAINT `FK_HVAR_HPROCI` FOREIGN KEY (`HPROCI_`) REFERENCES `jbpm4_hist_procinst` (`DBID_`),
  CONSTRAINT `FK_HVAR_HTASK` FOREIGN KEY (`HTASK_`) REFERENCES `jbpm4_hist_task` (`DBID_`)
) ENGINE=InnoDB DEFAULT CHARSET=utf8;

/*Data for the table `jbpm4_hist_var` */

/*Table structure for table `jbpm4_id_group` */

DROP TABLE IF EXISTS `jbpm4_id_group`;

CREATE TABLE `jbpm4_id_group` (
  `DBID_` bigint(20) NOT NULL,
  `DBVERSION_` int(11) NOT NULL,
  `ID_` varchar(255) DEFAULT NULL,
  `NAME_` varchar(255) DEFAULT NULL,
  `TYPE_` varchar(255) DEFAULT NULL,
  `PARENT_` bigint(20) DEFAULT NULL,
  PRIMARY KEY (`DBID_`),
  KEY `FK_GROUP_PARENT` (`PARENT_`),
  CONSTRAINT `FK_GROUP_PARENT` FOREIGN KEY (`PARENT_`) REFERENCES `jbpm4_id_group` (`DBID_`)
) ENGINE=InnoDB DEFAULT CHARSET=utf8;

/*Data for the table `jbpm4_id_group` */

/*Table structure for table `jbpm4_id_membership` */

DROP TABLE IF EXISTS `jbpm4_id_membership`;

CREATE TABLE `jbpm4_id_membership` (
  `DBID_` bigint(20) NOT NULL,
  `DBVERSION_` int(11) NOT NULL,
  `USER_` bigint(20) DEFAULT NULL,
  `GROUP_` bigint(20) DEFAULT NULL,
  `NAME_` varchar(255) DEFAULT NULL,
  PRIMARY KEY (`DBID_`),
  KEY `FK_MEM_GROUP` (`GROUP_`),
  KEY `FK_MEM_USER` (`USER_`),
  CONSTRAINT `FK_MEM_GROUP` FOREIGN KEY (`GROUP_`) REFERENCES `jbpm4_id_group` (`DBID_`),
  CONSTRAINT `FK_MEM_USER` FOREIGN KEY (`USER_`) REFERENCES `jbpm4_id_user` (`DBID_`)
) ENGINE=InnoDB DEFAULT CHARSET=utf8;

/*Data for the table `jbpm4_id_membership` */

/*Table structure for table `jbpm4_id_user` */

DROP TABLE IF EXISTS `jbpm4_id_user`;

CREATE TABLE `jbpm4_id_user` (
  `DBID_` bigint(20) NOT NULL,
  `DBVERSION_` int(11) NOT NULL,
  `ID_` varchar(255) DEFAULT NULL,
  `PASSWORD_` varchar(255) DEFAULT NULL,
  `GIVENNAME_` varchar(255) DEFAULT NULL,
  `FAMILYNAME_` varchar(255) DEFAULT NULL,
  `BUSINESSEMAIL_` varchar(255) DEFAULT NULL,
  PRIMARY KEY (`DBID_`)
) ENGINE=InnoDB DEFAULT CHARSET=utf8;

/*Data for the table `jbpm4_id_user` */

/*Table structure for table `jbpm4_job` */

DROP TABLE IF EXISTS `jbpm4_job`;

CREATE TABLE `jbpm4_job` (
  `DBID_` bigint(20) NOT NULL,
  `CLASS_` varchar(255) NOT NULL,
  `DBVERSION_` int(11) NOT NULL,
  `DUEDATE_` datetime DEFAULT NULL,
  `STATE_` varchar(255) DEFAULT NULL,
  `ISEXCLUSIVE_` bit(1) DEFAULT NULL,
  `LOCKOWNER_` varchar(255) DEFAULT NULL,
  `LOCKEXPTIME_` datetime DEFAULT NULL,
  `EXCEPTION_` longtext,
  `RETRIES_` int(11) DEFAULT NULL,
  `PROCESSINSTANCE_` bigint(20) DEFAULT NULL,
  `EXECUTION_` bigint(20) DEFAULT NULL,
  `CFG_` bigint(20) DEFAULT NULL,
  `SIGNAL_` varchar(255) DEFAULT NULL,
  `EVENT_` varchar(255) DEFAULT NULL,
  `REPEAT_` varchar(255) DEFAULT NULL,
  PRIMARY KEY (`DBID_`),
  KEY `FK_JOB_CFG` (`CFG_`),
  CONSTRAINT `FK_JOB_CFG` FOREIGN KEY (`CFG_`) REFERENCES `jbpm4_lob` (`DBID_`)
) ENGINE=InnoDB DEFAULT CHARSET=utf8;

/*Data for the table `jbpm4_job` */

/*Table structure for table `jbpm4_lob` */

DROP TABLE IF EXISTS `jbpm4_lob`;

CREATE TABLE `jbpm4_lob` (
  `DBID_` bigint(20) NOT NULL,
  `DBVERSION_` int(11) NOT NULL,
  `BLOB_VALUE_` longblob,
  `DEPLOYMENT_` bigint(20) DEFAULT NULL,
  `NAME_` longtext,
  PRIMARY KEY (`DBID_`),
  KEY `FK_LOB_DEPLOYMENT` (`DEPLOYMENT_`),
  CONSTRAINT `FK_LOB_DEPLOYMENT` FOREIGN KEY (`DEPLOYMENT_`) REFERENCES `jbpm4_deployment` (`DBID_`)
) ENGINE=InnoDB DEFAULT CHARSET=utf8;

/*Data for the table `jbpm4_lob` */

/*Table structure for table `jbpm4_participation` */

DROP TABLE IF EXISTS `jbpm4_participation`;

CREATE TABLE `jbpm4_participation` (
  `DBID_` bigint(20) NOT NULL,
  `DBVERSION_` int(11) NOT NULL,
  `GROUPID_` varchar(255) DEFAULT NULL,
  `USERID_` varchar(255) DEFAULT NULL,
  `TYPE_` varchar(255) DEFAULT NULL,
  `TASK_` bigint(20) DEFAULT NULL,
  `SWIMLANE_` bigint(20) DEFAULT NULL,
  PRIMARY KEY (`DBID_`),
  KEY `FK_PART_SWIMLANE` (`SWIMLANE_`),
  KEY `FK_PART_TASK` (`TASK_`),
  CONSTRAINT `FK_PART_SWIMLANE` FOREIGN KEY (`SWIMLANE_`) REFERENCES `jbpm4_swimlane` (`DBID_`),
  CONSTRAINT `FK_PART_TASK` FOREIGN KEY (`TASK_`) REFERENCES `jbpm4_task` (`DBID_`)
) ENGINE=InnoDB DEFAULT CHARSET=utf8;

/*Data for the table `jbpm4_participation` */

/*Table structure for table `jbpm4_property` */

DROP TABLE IF EXISTS `jbpm4_property`;

CREATE TABLE `jbpm4_property` (
  `KEY_` varchar(255) NOT NULL,
  `VERSION_` int(11) NOT NULL,
  `VALUE_` varchar(255) DEFAULT NULL,
  PRIMARY KEY (`KEY_`)
) ENGINE=InnoDB DEFAULT CHARSET=utf8;

/*Data for the table `jbpm4_property` */

/*Table structure for table `jbpm4_swimlane` */

DROP TABLE IF EXISTS `jbpm4_swimlane`;

CREATE TABLE `jbpm4_swimlane` (
  `DBID_` bigint(20) NOT NULL,
  `DBVERSION_` int(11) NOT NULL,
  `NAME_` varchar(255) DEFAULT NULL,
  `ASSIGNEE_` varchar(255) DEFAULT NULL,
  `EXECUTION_` bigint(20) DEFAULT NULL,
  PRIMARY KEY (`DBID_`),
  KEY `FK_SWIMLANE_EXEC` (`EXECUTION_`),
  CONSTRAINT `FK_SWIMLANE_EXEC` FOREIGN KEY (`EXECUTION_`) REFERENCES `jbpm4_execution` (`DBID_`)
) ENGINE=InnoDB DEFAULT CHARSET=utf8;

/*Data for the table `jbpm4_swimlane` */

/*Table structure for table `jbpm4_task` */

DROP TABLE IF EXISTS `jbpm4_task`;

CREATE TABLE `jbpm4_task` (
  `DBID_` bigint(20) NOT NULL,
  `CLASS_` char(1) NOT NULL,
  `DBVERSION_` int(11) NOT NULL,
  `NAME_` varchar(255) DEFAULT NULL,
  `DESCR_` longtext,
  `STATE_` varchar(255) DEFAULT NULL,
  `SUSPHISTSTATE_` varchar(255) DEFAULT NULL,
  `ASSIGNEE_` varchar(255) DEFAULT NULL,
  `FORM_` varchar(255) DEFAULT NULL,
  `PRIORITY_` int(11) DEFAULT NULL,
  `CREATE_` datetime DEFAULT NULL,
  `DUEDATE_` datetime DEFAULT NULL,
  `PROGRESS_` int(11) DEFAULT NULL,
  `SIGNALLING_` bit(1) DEFAULT NULL,
  `EXECUTION_ID_` varchar(255) DEFAULT NULL,
  `ACTIVITY_NAME_` varchar(255) DEFAULT NULL,
  `HASVARS_` bit(1) DEFAULT NULL,
  `SUPERTASK_` bigint(20) DEFAULT NULL,
  `EXECUTION_` bigint(20) DEFAULT NULL,
  `PROCINST_` bigint(20) DEFAULT NULL,
  `SWIMLANE_` bigint(20) DEFAULT NULL,
  `TASKDEFNAME_` varchar(255) DEFAULT NULL,
  PRIMARY KEY (`DBID_`),
  KEY `FK_TASK_SWIML` (`SWIMLANE_`),
  KEY `FK_TASK_SUPERTASK` (`SUPERTASK_`),
  CONSTRAINT `FK_TASK_SUPERTASK` FOREIGN KEY (`SUPERTASK_`) REFERENCES `jbpm4_task` (`DBID_`),
  CONSTRAINT `FK_TASK_SWIML` FOREIGN KEY (`SWIMLANE_`) REFERENCES `jbpm4_swimlane` (`DBID_`)
) ENGINE=InnoDB DEFAULT CHARSET=utf8;

/*Data for the table `jbpm4_task` */

/*Table structure for table `jbpm4_variable` */

DROP TABLE IF EXISTS `jbpm4_variable`;

CREATE TABLE `jbpm4_variable` (
  `DBID_` bigint(20) NOT NULL,
  `CLASS_` varchar(255) NOT NULL,
  `DBVERSION_` int(11) NOT NULL,
  `KEY_` varchar(255) DEFAULT NULL,
  `CONVERTER_` varchar(255) DEFAULT NULL,
  `HIST_` bit(1) DEFAULT NULL,
  `EXECUTION_` bigint(20) DEFAULT NULL,
  `TASK_` bigint(20) DEFAULT NULL,
  `LOB_` bigint(20) DEFAULT NULL,
  `DATE_VALUE_` datetime DEFAULT NULL,
  `DOUBLE_VALUE_` double DEFAULT NULL,
  `CLASSNAME_` varchar(255) DEFAULT NULL,
  `LONG_VALUE_` bigint(20) DEFAULT NULL,
  `STRING_VALUE_` varchar(255) DEFAULT NULL,
  `TEXT_VALUE_` longtext,
  `EXESYS_` bigint(20) DEFAULT NULL,
  PRIMARY KEY (`DBID_`),
  KEY `FK_VAR_EXESYS` (`EXESYS_`),
  KEY `FK_VAR_LOB` (`LOB_`),
  KEY `FK_VAR_TASK` (`TASK_`),
  KEY `FK_VAR_EXECUTION` (`EXECUTION_`),
  CONSTRAINT `FK_VAR_EXECUTION` FOREIGN KEY (`EXECUTION_`) REFERENCES `jbpm4_execution` (`DBID_`),
  CONSTRAINT `FK_VAR_EXESYS` FOREIGN KEY (`EXESYS_`) REFERENCES `jbpm4_execution` (`DBID_`),
  CONSTRAINT `FK_VAR_LOB` FOREIGN KEY (`LOB_`) REFERENCES `jbpm4_lob` (`DBID_`),
  CONSTRAINT `FK_VAR_TASK` FOREIGN KEY (`TASK_`) REFERENCES `jbpm4_task` (`DBID_`)
) ENGINE=InnoDB DEFAULT CHARSET=utf8;

/*Data for the table `jbpm4_variable` */

/*Table structure for table `notice` */

DROP TABLE IF EXISTS `notice`;

CREATE TABLE `notice` (
  `id` int(10) NOT NULL AUTO_INCREMENT,
  `sender_id` int(10) NOT NULL COMMENT '发送者id',
  `receiver_id` int(10) NOT NULL COMMENT '接收者id ',
  `status` char(1) NOT NULL COMMENT '通知状态 0: 未读, 1:已读 ',
  `content` varchar(2000) NOT NULL COMMENT '交流内容',
  `create_time` timestamp NOT NULL DEFAULT CURRENT_TIMESTAMP,
  `last_update` timestamp NOT NULL DEFAULT '0000-00-00 00:00:00',
  PRIMARY KEY (`id`)
) ENGINE=InnoDB AUTO_INCREMENT=23 DEFAULT CHARSET=utf8 COMMENT='公告表';

/*Data for the table `notice` */

insert  into `notice`(`id`,`sender_id`,`receiver_id`,`status`,`content`,`create_time`,`last_update`) values (1,18,5,'0','你有1条新的未办签单信息，请查看签单编号【no123】','2015-05-03 22:21:57','2015-05-03 22:21:57'),(2,18,14,'0','你有1条新的未办签单信息，请查看签单编号【no123】','2015-05-03 22:22:15','2015-05-03 22:22:15'),(3,18,16,'0','你有1条新的未办签单信息，请查看签单编号【no123】','2015-05-03 22:38:08','2015-05-03 22:38:08'),(4,18,15,'0','你有1条新的未办签单信息，请查看签单编号【no123】','2015-05-03 22:41:31','2015-05-03 22:41:31'),(5,18,5,'0','你有1条新的未办签单信息，请查看签单编号【no123】','2015-05-05 21:54:52','2015-05-05 21:54:52'),(6,18,14,'0','你有1条新的未办签单信息，请查看签单编号【no123】','2015-05-05 21:56:54','2015-05-05 21:56:54'),(7,18,16,'0','你有1条新的未办签单信息，请查看签单编号【no123】','2015-05-05 21:57:08','2015-05-05 21:57:08'),(8,18,14,'0','你有1条新的未办签单信息，请查看签单编号【no123】','2015-05-05 21:57:39','2015-05-05 21:57:39'),(9,18,7,'0','你有1条新的未办签单信息，请查看签单编号【1023001】','2015-06-11 06:39:22','2015-06-11 06:39:22'),(10,18,15,'0','你有1条新的未办签单信息，请查看签单编号【1023001】','2015-06-11 06:42:44','2015-06-11 06:42:44'),(11,18,17,'1','你有1条新的未办签单信息，请查看签单编号【1023001】','2015-06-11 06:46:03','2015-06-30 16:55:40'),(12,18,15,'0','你有1条新的未办签单信息，请查看签单编号【1023001】','2015-06-11 06:50:17','2015-06-11 06:50:17'),(13,18,7,'0','你有1条新的未办签单信息，请查看签单编号【000100】','2015-06-11 08:13:49','2015-06-11 08:13:49'),(14,18,15,'0','你有1条新的未办签单信息，请查看签单编号【000100】','2015-06-11 08:15:37','2015-06-11 08:15:37'),(15,18,17,'1','你有1条新的未办签单信息，请查看签单编号【000100】','2015-06-11 08:16:34','2015-06-30 16:55:38'),(16,18,15,'0','你有1条新的未办签单信息，请查看签单编号【000100】','2015-06-11 08:18:52','2015-06-11 08:18:52'),(17,18,5,'0','你有1条新的未办签单信息，请查看签单编号【001001】','2015-06-15 16:07:20','2015-06-15 16:07:20'),(18,18,15,'0','你有1条新的未办签单信息，请查看签单编号【001001】','2015-06-15 16:09:36','2015-06-15 16:09:36'),(19,18,17,'1','你有1条新的未办签单信息，请查看签单编号【001001】','2015-06-15 16:11:16','2015-06-30 16:55:36'),(20,18,15,'0','你有1条新的未办签单信息，请查看签单编号【001001】','2015-06-15 16:12:27','2015-06-15 16:12:27'),(21,18,18,'0','你有1条新的未办签单信息，请查看签单编号【001001】','2015-06-15 16:18:21','2015-06-15 16:18:21'),(22,18,15,'0','你有1条新的未办签单信息，请查看签单编号【001001】','2015-06-15 16:33:32','2015-06-15 16:33:32');

/*Table structure for table `notice_his` */

DROP TABLE IF EXISTS `notice_his`;

CREATE TABLE `notice_his` (
  `id` int(10) NOT NULL AUTO_INCREMENT,
  `sender_id` int(10) NOT NULL COMMENT '发送者id',
  `receiver_type` char(1) NOT NULL COMMENT '接收者类型 0:个人 1:角色 2:部门 3:全部人',
  `receiver_id` varchar(500) NOT NULL COMMENT '接收者id,多个以，分隔',
  `content` varchar(2000) NOT NULL COMMENT '交流内容',
  `create_time` timestamp NOT NULL DEFAULT CURRENT_TIMESTAMP,
  `last_update` timestamp NOT NULL DEFAULT '0000-00-00 00:00:00',
  PRIMARY KEY (`id`)
) ENGINE=InnoDB AUTO_INCREMENT=23 DEFAULT CHARSET=utf8 COMMENT='公告表历史表';

/*Data for the table `notice_his` */

insert  into `notice_his`(`id`,`sender_id`,`receiver_type`,`receiver_id`,`content`,`create_time`,`last_update`) values (1,18,'0','5','你有1条新的未办签单信息，请查看签单编号【no123】','2015-05-03 22:21:57','2015-05-03 22:21:57'),(2,18,'0','14','你有1条新的未办签单信息，请查看签单编号【no123】','2015-05-03 22:22:15','2015-05-03 22:22:15'),(3,18,'0','16','你有1条新的未办签单信息，请查看签单编号【no123】','2015-05-03 22:38:08','2015-05-03 22:38:08'),(4,18,'0','15','你有1条新的未办签单信息，请查看签单编号【no123】','2015-05-03 22:41:31','2015-05-03 22:41:31'),(5,18,'0','5','你有1条新的未办签单信息，请查看签单编号【no123】','2015-05-05 21:54:52','2015-05-05 21:54:52'),(6,18,'0','14','你有1条新的未办签单信息，请查看签单编号【no123】','2015-05-05 21:56:54','2015-05-05 21:56:54'),(7,18,'0','16','你有1条新的未办签单信息，请查看签单编号【no123】','2015-05-05 21:57:08','2015-05-05 21:57:08'),(8,18,'0','14','你有1条新的未办签单信息，请查看签单编号【no123】','2015-05-05 21:57:39','2015-05-05 21:57:39'),(9,18,'0','7','你有1条新的未办签单信息，请查看签单编号【1023001】','2015-06-11 06:39:22','2015-06-11 06:39:22'),(10,18,'0','15','你有1条新的未办签单信息，请查看签单编号【1023001】','2015-06-11 06:42:44','2015-06-11 06:42:44'),(11,18,'0','17','你有1条新的未办签单信息，请查看签单编号【1023001】','2015-06-11 06:46:03','2015-06-11 06:46:03'),(12,18,'0','15','你有1条新的未办签单信息，请查看签单编号【1023001】','2015-06-11 06:50:17','2015-06-11 06:50:17'),(13,18,'0','7','你有1条新的未办签单信息，请查看签单编号【000100】','2015-06-11 08:13:49','2015-06-11 08:13:49'),(14,18,'0','15','你有1条新的未办签单信息，请查看签单编号【000100】','2015-06-11 08:15:37','2015-06-11 08:15:37'),(15,18,'0','17','你有1条新的未办签单信息，请查看签单编号【000100】','2015-06-11 08:16:34','2015-06-11 08:16:34'),(16,18,'0','15','你有1条新的未办签单信息，请查看签单编号【000100】','2015-06-11 08:18:52','2015-06-11 08:18:52'),(17,18,'0','5','你有1条新的未办签单信息，请查看签单编号【001001】','2015-06-15 16:07:20','2015-06-15 16:07:20'),(18,18,'0','15','你有1条新的未办签单信息，请查看签单编号【001001】','2015-06-15 16:09:36','2015-06-15 16:09:36'),(19,18,'0','17','你有1条新的未办签单信息，请查看签单编号【001001】','2015-06-15 16:11:16','2015-06-15 16:11:16'),(20,18,'0','15','你有1条新的未办签单信息，请查看签单编号【001001】','2015-06-15 16:12:27','2015-06-15 16:12:27'),(21,18,'0','18','你有1条新的未办签单信息，请查看签单编号【001001】','2015-06-15 16:18:21','2015-06-15 16:18:21'),(22,18,'0','15','你有1条新的未办签单信息，请查看签单编号【001001】','2015-06-15 16:33:32','2015-06-15 16:33:32');

/*Table structure for table `order_attach` */

DROP TABLE IF EXISTS `order_attach`;

CREATE TABLE `order_attach` (
  `id` int(10) NOT NULL AUTO_INCREMENT,
  `order_id` int(10) NOT NULL,
  `name` varchar(200) NOT NULL DEFAULT '' COMMENT '附件名称',
  `type` char(2) DEFAULT NULL COMMENT '0:交谈录音,1:评价,2:签约,3:模拟考试',
  `path` varchar(500) NOT NULL DEFAULT '' COMMENT '附件路径',
  `create_time` timestamp NOT NULL DEFAULT CURRENT_TIMESTAMP ON UPDATE CURRENT_TIMESTAMP,
  `last_update` timestamp NOT NULL DEFAULT '0000-00-00 00:00:00',
  `status` char(1) NOT NULL DEFAULT '' COMMENT '0:未审批 1:通过 2:不通过',
  `commet` varchar(500) DEFAULT NULL COMMENT '审批语',
  `swfpath` varchar(500) DEFAULT NULL,
  PRIMARY KEY (`id`)
) ENGINE=InnoDB DEFAULT CHARSET=utf8 COMMENT='签单附件表';

/*Data for the table `order_attach` */

/*Table structure for table `order_course` */

DROP TABLE IF EXISTS `order_course`;

CREATE TABLE `order_course` (
  `id` int(10) NOT NULL AUTO_INCREMENT,
  `order_id` int(10) unsigned NOT NULL DEFAULT '0',
  `course_type` char(2) NOT NULL COMMENT '课程类型',
  `charger_id` int(10) unsigned DEFAULT NULL COMMENT '负责人',
  `status` char(1) CHARACTER SET latin1 NOT NULL DEFAULT '0' COMMENT '0:未确认 1:确认 2:拒绝',
  `order_attach_id` int(10) unsigned NOT NULL DEFAULT '0',
  `hour` int(10) unsigned NOT NULL DEFAULT '0' COMMENT '课时',
  `cost_hour` int(10) DEFAULT '0' COMMENT '消耗的课时',
  `schedule_hour` int(10) DEFAULT '0' COMMENT '已排课的课时',
  `create_time` timestamp NOT NULL DEFAULT CURRENT_TIMESTAMP ON UPDATE CURRENT_TIMESTAMP,
  `last_update` timestamp NOT NULL DEFAULT '0000-00-00 00:00:00',
  PRIMARY KEY (`id`)
) ENGINE=InnoDB AUTO_INCREMENT=15 DEFAULT CHARSET=utf8 COMMENT='签单课程信息';

/*Data for the table `order_course` */

insert  into `order_course`(`id`,`order_id`,`course_type`,`charger_id`,`status`,`order_attach_id`,`hour`,`cost_hour`,`schedule_hour`,`create_time`,`last_update`) values (3,2,'2',29,'1',0,70,60,60,'2015-05-05 21:54:52','2015-06-11 06:25:03'),(4,2,'1',30,'1',0,50,46,46,'2015-05-05 21:54:52','2015-06-11 06:25:05'),(5,3,'3',29,'1',0,100,0,0,'2015-06-11 06:39:21','2015-06-11 08:48:16'),(6,3,'2',29,'1',0,100,4,50,'2015-06-11 06:39:21','2015-06-30 15:47:01'),(7,3,'1',30,'1',0,100,0,0,'2015-06-11 06:39:21','2015-06-11 08:48:17'),(8,4,'4',32,'1',0,80,8,80,'2015-06-11 08:13:49','2015-06-30 15:47:01'),(10,4,'5',32,'0',0,40,2,40,'2015-06-11 08:50:53','2015-06-25 10:20:00'),(11,4,'2',29,'0',0,80,0,0,'2015-06-11 08:50:53','2015-06-11 08:50:53'),(12,5,'3',32,'1',0,200,8,50,'2015-06-15 16:07:20','2015-06-30 15:47:01'),(13,5,'2',29,'1',0,150,2,150,'2015-06-15 16:07:20','2015-06-30 15:47:01'),(14,5,'1',30,'1',0,150,0,0,'2015-06-15 16:07:20','2015-06-15 16:34:48');

/*Table structure for table `order_course_evaluation` */

DROP TABLE IF EXISTS `order_course_evaluation`;

CREATE TABLE `order_course_evaluation` (
  `id` int(10) NOT NULL AUTO_INCREMENT,
  `student_id` int(10) unsigned DEFAULT '0',
  `course_type` char(2) NOT NULL COMMENT '课程类型',
  `charger_id` int(10) unsigned DEFAULT NULL COMMENT '负责人',
  `content` varchar(500) DEFAULT NULL COMMENT '评价',
  `order_attach_id` int(10) unsigned DEFAULT '0' COMMENT '附件',
  `create_time` timestamp NOT NULL DEFAULT CURRENT_TIMESTAMP,
  `last_update` timestamp NOT NULL DEFAULT '0000-00-00 00:00:00',
  `operator` int(10) unsigned DEFAULT NULL,
  `course_time` timestamp NOT NULL DEFAULT '0000-00-00 00:00:00',
  PRIMARY KEY (`id`)
) ENGINE=InnoDB DEFAULT CHARSET=utf8 COMMENT='课程后评价';

/*Data for the table `order_course_evaluation` */

/*Table structure for table `order_course_hour` */

DROP TABLE IF EXISTS `order_course_hour`;

CREATE TABLE `order_course_hour` (
  `id` int(11) NOT NULL AUTO_INCREMENT,
  `order_id` int(11) DEFAULT NULL,
  `student_id` int(11) DEFAULT NULL,
  `cost_hour` int(11) DEFAULT NULL,
  `create_time` datetime NOT NULL,
  `last_update` datetime NOT NULL,
  `operator` int(11) DEFAULT NULL,
  `teach_time` datetime NOT NULL,
  PRIMARY KEY (`id`)
) ENGINE=InnoDB DEFAULT CHARSET=utf8;

/*Data for the table `order_course_hour` */

/*Table structure for table `order_course_hour_log` */

DROP TABLE IF EXISTS `order_course_hour_log`;

CREATE TABLE `order_course_hour_log` (
  `id` int(10) NOT NULL AUTO_INCREMENT,
  `order_id` int(10) unsigned NOT NULL DEFAULT '0' COMMENT '签单表主键',
  `order_course_id` int(10) unsigned NOT NULL DEFAULT '0' COMMENT '签单课程信息表主键',
  `schedule_id` int(10) unsigned NOT NULL DEFAULT '0' COMMENT '排课表主键',
  `schedule_detail_id` int(10) unsigned DEFAULT '0' COMMENT '排课明细id',
  `course_type` char(2) NOT NULL COMMENT '课程类型',
  `student_id` int(10) unsigned NOT NULL DEFAULT '0',
  `teacher_id` int(10) unsigned NOT NULL DEFAULT '0',
  `teach_time` date NOT NULL DEFAULT '0000-00-00',
  `cost_hour` int(10) unsigned DEFAULT '0' COMMENT '课时',
  `status` varchar(1) NOT NULL COMMENT '0:课时全部清算 1:删除',
  `create_time` timestamp NOT NULL DEFAULT CURRENT_TIMESTAMP,
  `last_update` timestamp NOT NULL DEFAULT '0000-00-00 00:00:00',
  `operator` int(10) unsigned DEFAULT NULL COMMENT '操作人',
  `reason` varchar(255) DEFAULT NULL COMMENT '撤销理由',
  PRIMARY KEY (`id`)
) ENGINE=InnoDB AUTO_INCREMENT=76 DEFAULT CHARSET=utf8 COMMENT='课时消耗记录';

/*Data for the table `order_course_hour_log` */

insert  into `order_course_hour_log`(`id`,`order_id`,`order_course_id`,`schedule_id`,`schedule_detail_id`,`course_type`,`student_id`,`teacher_id`,`teach_time`,`cost_hour`,`status`,`create_time`,`last_update`,`operator`,`reason`) values (4,2,3,2,4,'2',1,29,'2015-05-01',2,'1','2015-05-05 22:01:00','2015-05-05 22:01:00',18,NULL),(5,2,3,2,5,'2',1,29,'2015-05-02',2,'1','2015-05-05 22:01:00','2015-05-05 22:01:00',18,NULL),(6,2,3,2,6,'2',1,29,'2015-05-03',2,'1','2015-05-05 22:01:00','2015-05-05 22:01:00',18,'上不了可'),(7,2,3,2,7,'2',1,29,'2015-05-04',2,'1','2015-05-05 22:01:00','2015-05-05 22:36:27',18,NULL),(8,2,3,2,8,'2',1,29,'2015-05-05',2,'1','2015-05-05 22:01:00','2015-05-05 22:48:41',18,'有问题'),(9,2,4,3,39,'1',1,30,'2015-05-01',2,'1','2015-05-05 22:51:00','2015-05-05 22:52:49',18,'111'),(10,2,4,3,40,'1',1,30,'2015-05-03',2,'1','2015-05-05 22:51:00','2015-05-05 22:53:08',18,'上课'),(11,2,4,3,41,'1',1,30,'2015-05-04',2,'0','2015-05-05 22:51:00','2015-05-05 22:51:00',NULL,NULL),(12,2,4,3,42,'1',1,30,'2015-05-05',2,'0','2015-05-05 22:51:00','2015-05-05 22:51:00',NULL,NULL),(13,2,3,2,9,'2',1,29,'2015-05-06',2,'0','2015-05-06 10:39:07','2015-05-06 10:39:07',NULL,NULL),(14,2,3,2,10,'2',1,29,'2015-05-07',2,'0','2015-05-08 10:42:04','2015-05-08 10:42:04',NULL,NULL),(15,2,3,2,11,'2',1,29,'2015-05-08',2,'0','2015-05-08 10:42:05','2015-05-08 10:42:05',NULL,NULL),(16,2,4,3,43,'1',1,30,'2015-05-07',2,'0','2015-05-08 10:42:05','2015-05-08 10:42:05',NULL,NULL),(17,2,4,3,44,'1',1,30,'2015-05-08',2,'0','2015-05-08 12:00:00','2015-05-08 12:00:00',NULL,NULL),(18,2,3,2,12,'2',1,29,'2015-05-09',2,'0','2015-06-11 06:25:01','2015-06-11 06:25:01',NULL,NULL),(19,2,3,2,13,'2',1,29,'2015-05-10',2,'0','2015-06-11 06:25:01','2015-06-11 06:25:01',NULL,NULL),(20,2,3,2,14,'2',1,29,'2015-05-11',2,'0','2015-06-11 06:25:01','2015-06-11 06:25:01',NULL,NULL),(21,2,3,2,15,'2',1,29,'2015-05-12',2,'0','2015-06-11 06:25:01','2015-06-11 06:25:01',NULL,NULL),(22,2,3,2,16,'2',1,29,'2015-05-13',2,'0','2015-06-11 06:25:01','2015-06-11 06:25:01',NULL,NULL),(23,2,3,2,17,'2',1,29,'2015-05-14',2,'0','2015-06-11 06:25:01','2015-06-11 06:25:01',NULL,NULL),(24,2,3,2,18,'2',1,29,'2015-05-15',2,'0','2015-06-11 06:25:01','2015-06-11 06:25:01',NULL,NULL),(25,2,3,2,19,'2',1,29,'2015-05-16',2,'0','2015-06-11 06:25:01','2015-06-11 06:25:01',NULL,NULL),(26,2,3,2,20,'2',1,29,'2015-05-17',2,'0','2015-06-11 06:25:02','2015-06-11 06:25:02',NULL,NULL),(27,2,3,2,21,'2',1,29,'2015-05-18',2,'0','2015-06-11 06:25:02','2015-06-11 06:25:02',NULL,NULL),(28,2,3,2,22,'2',1,29,'2015-05-19',2,'0','2015-06-11 06:25:02','2015-06-11 06:25:02',NULL,NULL),(29,2,3,2,23,'2',1,29,'2015-05-20',2,'0','2015-06-11 06:25:02','2015-06-11 06:25:02',NULL,NULL),(30,2,3,2,24,'2',1,29,'2015-05-21',2,'0','2015-06-11 06:25:02','2015-06-11 06:25:02',NULL,NULL),(31,2,3,2,25,'2',1,29,'2015-05-22',2,'0','2015-06-11 06:25:02','2015-06-11 06:25:02',NULL,NULL),(32,2,3,2,26,'2',1,29,'2015-05-23',2,'0','2015-06-11 06:25:02','2015-06-11 06:25:02',NULL,NULL),(33,2,3,2,27,'2',1,29,'2015-05-24',2,'0','2015-06-11 06:25:02','2015-06-11 06:25:02',NULL,NULL),(34,2,3,2,28,'2',1,29,'2015-05-25',2,'0','2015-06-11 06:25:02','2015-06-11 06:25:02',NULL,NULL),(35,2,3,2,29,'2',1,29,'2015-05-26',2,'0','2015-06-11 06:25:03','2015-06-11 06:25:03',NULL,NULL),(36,2,3,2,30,'2',1,29,'2015-05-27',2,'0','2015-06-11 06:25:03','2015-06-11 06:25:03',NULL,NULL),(37,2,3,2,31,'2',1,29,'2015-05-28',2,'0','2015-06-11 06:25:03','2015-06-11 06:25:03',NULL,NULL),(38,2,3,2,32,'2',1,29,'2015-05-29',2,'0','2015-06-11 06:25:03','2015-06-11 06:25:03',NULL,NULL),(39,2,3,2,33,'2',1,29,'2015-05-30',2,'0','2015-06-11 06:25:03','2015-06-11 06:25:03',NULL,NULL),(40,2,3,2,34,'2',1,29,'2015-05-31',2,'0','2015-06-11 06:25:03','2015-06-11 06:25:03',NULL,NULL),(41,2,3,2,35,'2',1,29,'2015-06-01',2,'0','2015-06-11 06:25:03','2015-06-11 06:25:03',NULL,NULL),(42,2,3,2,36,'2',1,29,'2015-06-02',2,'0','2015-06-11 06:25:03','2015-06-11 06:25:03',NULL,NULL),(43,2,3,2,37,'2',1,29,'2015-06-03',2,'0','2015-06-11 06:25:03','2015-06-11 06:25:03',NULL,NULL),(44,2,3,2,38,'2',1,29,'2015-06-04',2,'0','2015-06-11 06:25:03','2015-06-11 06:25:03',NULL,NULL),(45,2,4,3,45,'1',1,30,'2015-05-10',2,'0','2015-06-11 06:25:04','2015-06-11 06:25:04',NULL,NULL),(46,2,4,3,46,'1',1,30,'2015-05-11',2,'0','2015-06-11 06:25:04','2015-06-11 06:25:04',NULL,NULL),(47,2,4,3,47,'1',1,30,'2015-05-12',2,'0','2015-06-11 06:25:04','2015-06-11 06:25:04',NULL,NULL),(48,2,4,3,48,'1',1,30,'2015-05-14',2,'0','2015-06-11 06:25:04','2015-06-11 06:25:04',NULL,NULL),(49,2,4,3,49,'1',1,30,'2015-05-15',2,'0','2015-06-11 06:25:04','2015-06-11 06:25:04',NULL,NULL),(50,2,4,3,50,'1',1,30,'2015-05-17',2,'0','2015-06-11 06:25:04','2015-06-11 06:25:04',NULL,NULL),(51,2,4,3,51,'1',1,30,'2015-05-18',2,'0','2015-06-11 06:25:04','2015-06-11 06:25:04',NULL,NULL),(52,2,4,3,52,'1',1,30,'2015-05-19',2,'0','2015-06-11 06:25:04','2015-06-11 06:25:04',NULL,NULL),(53,2,4,3,53,'1',1,30,'2015-05-21',2,'0','2015-06-11 06:25:04','2015-06-11 06:25:04',NULL,NULL),(54,2,4,3,54,'1',1,30,'2015-05-22',2,'0','2015-06-11 06:25:04','2015-06-11 06:25:04',NULL,NULL),(55,2,4,3,55,'1',1,30,'2015-05-24',2,'0','2015-06-11 06:25:05','2015-06-11 06:25:05',NULL,NULL),(56,2,4,3,56,'1',1,30,'2015-05-25',2,'0','2015-06-11 06:25:05','2015-06-11 06:25:05',NULL,NULL),(57,2,4,3,57,'1',1,30,'2015-05-26',2,'0','2015-06-11 06:25:05','2015-06-11 06:25:05',NULL,NULL),(58,2,4,3,58,'1',1,30,'2015-05-28',2,'0','2015-06-11 06:25:05','2015-06-11 06:25:05',NULL,NULL),(59,2,4,3,59,'1',1,30,'2015-05-29',2,'0','2015-06-11 06:25:05','2015-06-11 06:25:05',NULL,NULL),(60,2,4,3,60,'1',1,30,'2015-05-31',2,'0','2015-06-11 06:25:05','2015-06-11 06:25:05',NULL,NULL),(61,2,4,3,61,'1',1,30,'2015-06-01',2,'0','2015-06-11 06:25:05','2015-06-11 06:25:05',NULL,NULL),(62,2,4,3,62,'1',1,30,'2015-06-02',2,'0','2015-06-11 06:25:05','2015-06-11 06:25:05',NULL,NULL),(63,2,4,3,63,'1',1,30,'2015-06-04',2,'0','2015-06-11 06:25:05','2015-06-11 06:25:05',NULL,NULL),(64,4,8,10,64,'4',3,32,'2015-06-19',2,'0','2015-06-19 17:25:02','2015-06-19 17:25:02',NULL,NULL),(65,4,8,11,84,'4',3,32,'2015-06-19',2,'0','2015-06-23 17:16:00','2015-06-23 17:16:00',NULL,NULL),(66,3,6,14,125,'2',2,29,'2015-06-20',2,'0','2015-06-23 17:16:00','2015-06-23 17:16:00',NULL,NULL),(67,5,12,16,225,'3',4,32,'2015-06-22',2,'0','2015-06-23 17:16:00','2015-06-23 17:16:00',NULL,NULL),(68,5,12,16,226,'3',4,32,'2015-06-23',2,'0','2015-06-23 17:16:01','2015-06-23 17:16:01',NULL,NULL),(69,4,10,13,105,'5',3,32,'2015-06-24',2,'0','2015-06-25 10:20:00','2015-06-25 10:20:00',NULL,NULL),(70,4,8,10,65,'4',3,32,'2015-06-26',2,'0','2015-06-30 15:47:01','2015-06-30 15:47:01',NULL,NULL),(71,4,8,11,85,'4',3,32,'2015-06-26',2,'0','2015-06-30 15:47:01','2015-06-30 15:47:01',NULL,NULL),(72,3,6,14,126,'2',2,29,'2015-06-27',2,'0','2015-06-30 15:47:01','2015-06-30 15:47:01',NULL,NULL),(73,5,13,15,151,'2',4,29,'2015-06-27',2,'0','2015-06-30 15:47:01','2015-06-30 15:47:01',NULL,NULL),(74,5,12,16,227,'3',4,32,'2015-06-29',2,'0','2015-06-30 15:47:01','2015-06-30 15:47:01',NULL,NULL),(75,5,12,16,228,'3',4,32,'2015-06-30',2,'0','2015-06-30 15:47:01','2015-06-30 15:47:01',NULL,NULL);

/*Table structure for table `order_course_log` */

DROP TABLE IF EXISTS `order_course_log`;

CREATE TABLE `order_course_log` (
  `id` int(11) NOT NULL AUTO_INCREMENT,
  `order_id` int(11) NOT NULL,
  `course_type` varchar(1) NOT NULL COMMENT '课程类型',
  `charger_id` int(11) DEFAULT NULL COMMENT '负责人',
  `create_time` datetime DEFAULT NULL,
  `status` varchar(1) NOT NULL COMMENT '0:未确认 1:确认 2:拒绝',
  PRIMARY KEY (`id`)
) ENGINE=InnoDB DEFAULT CHARSET=utf8;

/*Data for the table `order_course_log` */

/*Table structure for table `order_course_schedule` */

DROP TABLE IF EXISTS `order_course_schedule`;

CREATE TABLE `order_course_schedule` (
  `id` int(11) NOT NULL AUTO_INCREMENT,
  `order_id` int(11) NOT NULL,
  `user_id` int(11) NOT NULL,
  `student_id` int(11) NOT NULL,
  `start_date` datetime NOT NULL,
  `end_date` datetime NOT NULL,
  `course_period_id` int(11) NOT NULL,
  `course_type` varchar(2) NOT NULL COMMENT '课程类型 对应system_param的order_course',
  `status` varchar(1) NOT NULL COMMENT '0:进行中 1:已经结束',
  `create_time` datetime NOT NULL,
  PRIMARY KEY (`id`)
) ENGINE=InnoDB DEFAULT CHARSET=utf8;

/*Data for the table `order_course_schedule` */

/*Table structure for table `order_course_score` */

DROP TABLE IF EXISTS `order_course_score`;

CREATE TABLE `order_course_score` (
  `id` int(10) unsigned NOT NULL AUTO_INCREMENT,
  `course_type` char(2) NOT NULL COMMENT '课程类型',
  `charger_id` int(10) unsigned DEFAULT NULL COMMENT '负责人',
  `create_time` timestamp NOT NULL DEFAULT CURRENT_TIMESTAMP,
  `student_id` int(10) unsigned DEFAULT NULL,
  `score` int(5) unsigned DEFAULT NULL COMMENT '分数',
  `exam_time` timestamp NOT NULL DEFAULT '0000-00-00 00:00:00',
  `last_update` timestamp NOT NULL DEFAULT '0000-00-00 00:00:00',
  `operator` int(10) DEFAULT NULL,
  PRIMARY KEY (`id`)
) ENGINE=InnoDB DEFAULT CHARSET=utf8 COMMENT='签单课程负责人日志记录表';

/*Data for the table `order_course_score` */

/*Table structure for table `order_exchange` */

DROP TABLE IF EXISTS `order_exchange`;

CREATE TABLE `order_exchange` (
  `id` int(11) NOT NULL AUTO_INCREMENT,
  `order_id` int(11) NOT NULL,
  `user_id` int(11) NOT NULL,
  `content` text NOT NULL COMMENT '交流内容',
  `order_attach_id` int(11) DEFAULT NULL COMMENT '交流录音记录',
  `create_time` datetime NOT NULL,
  `last_update` datetime NOT NULL,
  `student_id` int(11) DEFAULT NULL,
  PRIMARY KEY (`id`)
) ENGINE=InnoDB DEFAULT CHARSET=utf8;

/*Data for the table `order_exchange` */

/*Table structure for table `order_info` */

DROP TABLE IF EXISTS `order_info`;

CREATE TABLE `order_info` (
  `id` int(10) unsigned NOT NULL AUTO_INCREMENT,
  `order_no` varchar(100) DEFAULT NULL COMMENT '签单编号',
  `student_id` int(10) unsigned NOT NULL DEFAULT '0',
  `fee` bigint(20) unsigned NOT NULL DEFAULT '0' COMMENT '签单总额',
  `order_type` char(2) DEFAULT NULL COMMENT '签单类型',
  `status` char(20) DEFAULT NULL COMMENT '签单审批状态',
  `des` varchar(250) DEFAULT NULL,
  `flow_ins_id` varchar(20) DEFAULT NULL,
  `start_time` timestamp NOT NULL DEFAULT '0000-00-00 00:00:00',
  `end_time` timestamp NOT NULL DEFAULT '0000-00-00 00:00:00',
  `grade` varchar(10) DEFAULT NULL COMMENT '年级',
  `course_hour` int(10) unsigned DEFAULT NULL COMMENT '课时总数',
  `adjust_hour` int(10) unsigned DEFAULT NULL COMMENT '调整的课时，适用于历史签单的课时',
  `cost_course_hour` int(10) unsigned DEFAULT NULL COMMENT '已经消耗课时',
  `schedule_hour` int(10) DEFAULT '0' COMMENT '已排课的课时',
  `run_status` char(1) NOT NULL DEFAULT '0' COMMENT '签单执行状态 0:审批 1:教学中 2:结束',
  `parent_order_id` int(10) unsigned DEFAULT NULL,
  `cur_operator` int(10) unsigned DEFAULT NULL,
  `is_last` char(1) NOT NULL DEFAULT '0' COMMENT '是否被续签',
  `iseff` char(1) NOT NULL DEFAULT '0',
  `create_time` timestamp NOT NULL DEFAULT CURRENT_TIMESTAMP,
  `last_update` timestamp NOT NULL DEFAULT '0000-00-00 00:00:00',
  PRIMARY KEY (`id`),
  UNIQUE KEY `order_no` (`order_no`)
) ENGINE=InnoDB AUTO_INCREMENT=6 DEFAULT CHARSET=utf8 COMMENT='签单表';

/*Data for the table `order_info` */

insert  into `order_info`(`id`,`order_no`,`student_id`,`fee`,`order_type`,`status`,`des`,`flow_ins_id`,`start_time`,`end_time`,`grade`,`course_hour`,`adjust_hour`,`cost_course_hour`,`schedule_hour`,`run_status`,`parent_order_id`,`cur_operator`,`is_last`,`iseff`,`create_time`,`last_update`) values (2,'no123',1,1200000,'0','审批通过',NULL,NULL,'2015-05-05 00:00:00','2015-05-31 00:00:00','3',120,0,106,106,'1',NULL,18,'0','0','2015-05-05 00:00:00','2015-06-11 06:25:05'),(3,'1023001',2,6000000,'0','审批通过',NULL,NULL,'2015-06-13 00:00:00','2020-06-13 00:00:00','1',300,0,4,50,'1',NULL,18,'0','0','2015-06-11 00:00:00','2015-06-30 15:47:01'),(4,'000100',3,3000000,'1','审批通过',NULL,NULL,'2015-06-20 00:00:00','2016-01-17 00:00:00','2',200,0,10,120,'1',NULL,18,'0','0','2015-06-11 00:00:00','2015-06-30 15:47:01'),(5,'001001',4,9800000,'0','审批通过',NULL,NULL,'2015-07-01 00:00:00','2016-12-01 00:00:00','7',500,0,10,200,'1',NULL,18,'0','0','2015-06-15 00:00:00','2015-06-30 15:47:01');

/*Table structure for table `order_rel_his` */

DROP TABLE IF EXISTS `order_rel_his`;

CREATE TABLE `order_rel_his` (
  `id` int(10) NOT NULL AUTO_INCREMENT,
  `order_id` int(10) unsigned NOT NULL DEFAULT '0',
  `task_name` varchar(50) DEFAULT NULL COMMENT '任务名称',
  `chargerType` char(2) DEFAULT NULL COMMENT '参与的角色 1:销售 2: 销售主管 3:教务部主管 4:班主任 5:授课老师',
  `operator` int(10) DEFAULT NULL COMMENT '操作员',
  `create_time` timestamp NOT NULL DEFAULT CURRENT_TIMESTAMP,
  `last_update` timestamp NOT NULL DEFAULT '0000-00-00 00:00:00',
  `task_id` int(10) unsigned NOT NULL DEFAULT '0',
  PRIMARY KEY (`id`)
) ENGINE=InnoDB AUTO_INCREMENT=27 DEFAULT CHARSET=utf8 COMMENT='签单参与者历史表';

/*Data for the table `order_rel_his` */

insert  into `order_rel_his`(`id`,`order_id`,`task_name`,`chargerType`,`operator`,`create_time`,`last_update`,`task_id`) values (6,2,'签约','1',18,'2015-05-05 21:54:52','2015-05-05 21:54:52',1),(7,2,'销售主管审批','2',18,'2015-05-05 21:56:54','2015-05-05 21:56:54',2),(8,2,'教务部处理','3',18,'2015-05-05 21:57:08','2015-05-05 21:57:08',3),(9,2,'班主任处理中','4',18,'2015-05-05 21:57:39','2015-05-05 21:57:39',5),(10,2,'教务部审批','3',18,'2015-05-05 21:58:12','2015-05-05 21:58:12',6),(11,3,'签约','1',18,'2015-06-11 06:39:22','2015-06-11 06:39:22',1),(12,3,'销售主管审批','2',18,'2015-06-11 06:42:44','2015-06-11 06:42:44',2),(13,3,'教务部处理','3',18,'2015-06-11 06:46:03','2015-06-11 06:46:03',3),(14,3,'班主任处理中','4',18,'2015-06-11 06:50:17','2015-06-11 06:50:17',5),(15,3,'教务部审批','3',18,'2015-06-11 06:51:09','2015-06-11 06:51:09',6),(16,4,'签约','1',18,'2015-06-11 08:13:49','2015-06-11 08:13:49',1),(17,4,'销售主管审批','2',18,'2015-06-11 08:15:37','2015-06-11 08:15:37',2),(18,4,'教务部处理','3',18,'2015-06-11 08:16:34','2015-06-11 08:16:34',3),(19,4,'班主任处理中','4',18,'2015-06-11 08:18:52','2015-06-11 08:18:52',5),(20,4,'教务部审批','3',18,'2015-06-11 08:19:30','2015-06-11 08:19:30',6),(21,5,'签约','1',18,'2015-06-15 16:07:20','2015-06-19 17:51:38',1),(22,5,'销售主管审批','2',18,'2015-06-15 16:09:36','2015-06-19 17:51:38',2),(23,5,'教务部处理','3',18,'2015-06-15 16:11:16','2015-06-19 17:51:38',3),(24,5,'班主任处理中','4',17,'2015-06-15 16:12:27','2015-06-19 17:51:38',5),(25,5,'班主任处理中','4',17,'2015-06-15 16:33:32','2015-06-19 17:51:38',5),(26,5,'教务部审批','3',18,'2015-06-15 16:34:48','2015-06-19 17:51:38',6);

/*Table structure for table `order_role` */

DROP TABLE IF EXISTS `order_role`;

CREATE TABLE `order_role` (
  `id` int(10) NOT NULL AUTO_INCREMENT,
  `charger` int(10) NOT NULL COMMENT '1:销售 2: 销售主管 3:教务部主管 4:班主任 5:授课老师',
  `role_id` int(10) NOT NULL,
  PRIMARY KEY (`id`)
) ENGINE=InnoDB AUTO_INCREMENT=6 DEFAULT CHARSET=utf8 COMMENT='签单负责人配置';

/*Data for the table `order_role` */

insert  into `order_role`(`id`,`charger`,`role_id`) values (1,1,2),(2,2,3),(3,3,4),(4,4,5),(5,5,6);

/*Table structure for table `order_trace` */

DROP TABLE IF EXISTS `order_trace`;

CREATE TABLE `order_trace` (
  `id` int(10) NOT NULL AUTO_INCREMENT,
  `order_id` int(10) NOT NULL,
  `task_name` varchar(50) DEFAULT NULL COMMENT '任务名称',
  `role_id` int(10) unsigned DEFAULT NULL COMMENT '安排的角色',
  `user_id` int(10) DEFAULT '0' COMMENT '安排的人员',
  `operator` int(10) unsigned DEFAULT '0' COMMENT '最后的操作员',
  `oper` char(1) DEFAULT NULL COMMENT '操作类型 0:前进，1:回退',
  `create_time` timestamp NOT NULL DEFAULT CURRENT_TIMESTAMP ON UPDATE CURRENT_TIMESTAMP,
  `last_update` timestamp NOT NULL DEFAULT '0000-00-00 00:00:00',
  `oper_sort` int(3) unsigned DEFAULT NULL COMMENT '处理步骤的编号',
  `task_id` int(10) unsigned NOT NULL DEFAULT '0',
  `transition` varchar(50) DEFAULT NULL COMMENT '处理动作',
  PRIMARY KEY (`id`)
) ENGINE=InnoDB AUTO_INCREMENT=33 DEFAULT CHARSET=utf8 COMMENT='签单流程跟踪表';

/*Data for the table `order_trace` */

insert  into `order_trace`(`id`,`order_id`,`task_name`,`role_id`,`user_id`,`operator`,`oper`,`create_time`,`last_update`,`oper_sort`,`task_id`,`transition`) values (7,2,'签约',1,NULL,18,'0','2015-05-05 21:54:52','2015-05-05 21:54:52',NULL,1,'待审批'),(8,2,'销售主管审批',NULL,5,18,'0','2015-05-05 21:54:52','2015-05-05 21:56:54',NULL,2,'通过'),(9,2,'教务部处理',NULL,14,18,'0','2015-05-05 21:56:54','2015-05-05 21:57:08',NULL,3,'分配任务'),(10,2,'班主任处理中',NULL,16,18,'0','2015-05-05 21:57:08','2015-05-05 21:57:39',NULL,5,'确认'),(11,2,'教务部审批',NULL,14,18,'0','2015-05-05 21:57:39','2015-05-05 21:58:12',NULL,6,'通过'),(12,2,'审批通过',NULL,NULL,NULL,NULL,'2015-05-05 21:58:12','2015-05-05 21:58:12',NULL,7,NULL),(13,3,'签约',1,NULL,18,'0','2015-06-11 06:39:21','2015-06-11 06:39:22',NULL,1,'待审批'),(14,3,'销售主管审批',NULL,7,18,'0','2015-06-11 06:39:22','2015-06-11 06:42:44',NULL,2,'通过'),(15,3,'教务部处理',NULL,15,18,'0','2015-06-11 06:42:44','2015-06-11 06:46:03',NULL,3,'分配任务'),(16,3,'班主任处理中',NULL,17,18,'0','2015-06-11 06:46:03','2015-06-11 06:50:17',NULL,5,'确认'),(17,3,'教务部审批',NULL,15,18,'0','2015-06-11 06:50:17','2015-06-11 06:51:09',NULL,6,'通过'),(18,3,'审批通过',NULL,NULL,NULL,NULL,'2015-06-11 06:51:09','2015-06-11 06:51:09',NULL,7,NULL),(19,4,'签约',1,NULL,18,'0','2015-06-11 08:13:49','2015-06-11 08:13:49',NULL,1,'待审批'),(20,4,'销售主管审批',NULL,7,18,'0','2015-06-11 08:13:49','2015-06-11 08:15:37',NULL,2,'通过'),(21,4,'教务部处理',NULL,15,18,'0','2015-06-11 08:15:37','2015-06-11 08:16:34',NULL,3,'分配任务'),(22,4,'班主任处理中',NULL,17,18,'0','2015-06-11 08:16:34','2015-06-11 08:18:52',NULL,5,'确认'),(23,4,'教务部审批',NULL,15,18,'0','2015-06-11 08:18:52','2015-06-11 08:19:30',NULL,6,'通过'),(24,4,'审批通过',NULL,NULL,NULL,NULL,'2015-06-11 08:19:30','2015-06-11 08:19:30',NULL,7,NULL),(25,5,'签约',1,NULL,18,'0','2015-06-15 16:07:20','2015-06-15 16:07:20',NULL,1,'待审批'),(26,5,'销售主管审批',NULL,5,18,'0','2015-06-15 16:07:20','2015-06-15 16:09:36',NULL,2,'通过'),(27,5,'教务部处理',NULL,15,18,'0','2015-06-15 16:09:36','2015-06-15 16:11:16',NULL,3,'分配任务'),(28,5,'班主任处理中',NULL,17,18,'0','2015-06-15 16:11:16','2015-06-15 16:12:27',NULL,5,'确认'),(29,5,'教务部审批',NULL,15,18,'1','2015-06-15 16:12:27','2015-06-15 16:18:20',NULL,6,'不通过'),(30,5,'班主任处理中',NULL,18,18,'0','2015-06-15 16:18:21','2015-06-15 16:33:32',NULL,5,'确认'),(31,5,'教务部审批',NULL,15,18,'0','2015-06-15 16:33:32','2015-06-15 16:34:48',NULL,6,'通过'),(32,5,'审批通过',NULL,NULL,NULL,NULL,'2015-06-15 16:34:48','2015-06-15 16:34:48',NULL,7,NULL);

/*Table structure for table `order_trace_detail` */

DROP TABLE IF EXISTS `order_trace_detail`;

CREATE TABLE `order_trace_detail` (
  `id` int(11) NOT NULL AUTO_INCREMENT,
  `order_attach_id` int(11) NOT NULL,
  `status` varchar(1) DEFAULT NULL COMMENT '0:待审批,1:通过,2:不通过',
  `commet` text NOT NULL COMMENT '留言',
  `create_time` datetime NOT NULL,
  PRIMARY KEY (`id`)
) ENGINE=InnoDB DEFAULT CHARSET=utf8;

/*Data for the table `order_trace_detail` */

/*Table structure for table `student_exchange` */

DROP TABLE IF EXISTS `student_exchange`;

CREATE TABLE `student_exchange` (
  `id` int(10) NOT NULL AUTO_INCREMENT,
  `student_id` int(10) unsigned NOT NULL,
  `operator` int(10) unsigned NOT NULL DEFAULT '0' COMMENT '登记人',
  `content` varchar(1000) NOT NULL COMMENT '交流内容',
  `create_time` timestamp NOT NULL DEFAULT CURRENT_TIMESTAMP,
  `last_update` timestamp NOT NULL DEFAULT '0000-00-00 00:00:00',
  PRIMARY KEY (`id`)
) ENGINE=InnoDB DEFAULT CHARSET=utf8 COMMENT='学生交流表';

/*Data for the table `student_exchange` */

/*Table structure for table `student_info` */

DROP TABLE IF EXISTS `student_info`;

CREATE TABLE `student_info` (
  `id` int(10) NOT NULL AUTO_INCREMENT,
  `name` varchar(50) NOT NULL DEFAULT '' COMMENT '学生名称',
  `grade` varchar(10) DEFAULT NULL COMMENT '年级',
  `school` varchar(100) DEFAULT NULL COMMENT '学校',
  `age` varchar(3) DEFAULT NULL COMMENT '年龄',
  `brithday` varchar(10) DEFAULT NULL COMMENT '生日',
  `sex` char(1) DEFAULT NULL COMMENT '性别',
  `homephone` varchar(20) DEFAULT NULL COMMENT '家庭电话',
  `phone` varchar(20) DEFAULT NULL COMMENT '电话',
  `addr` varchar(200) DEFAULT NULL COMMENT '家庭住址',
  `father_name` varchar(20) DEFAULT NULL COMMENT '父亲姓名',
  `father_phone` varchar(20) DEFAULT NULL COMMENT '父亲电话',
  `father_unit` varchar(20) DEFAULT NULL COMMENT '父亲单位',
  `father_position` varchar(10) DEFAULT NULL COMMENT '父亲职务',
  `mother_name` varchar(20) DEFAULT NULL COMMENT '母亲姓名',
  `mother_phone` varchar(20) DEFAULT NULL COMMENT '母亲电话',
  `mother_unit` varchar(20) DEFAULT NULL COMMENT '母亲单位',
  `mother_position` varchar(10) DEFAULT NULL COMMENT '母亲职务',
  `interest` varchar(30) DEFAULT NULL COMMENT '兴趣',
  `last_exam_date` date DEFAULT NULL COMMENT '最近的测验时间',
  `score_yuwen` varchar(3) DEFAULT NULL COMMENT '语文成绩',
  `score_shuxue` varchar(3) DEFAULT NULL COMMENT '数学成绩',
  `score_yingwen` varchar(3) DEFAULT NULL COMMENT '英文成绩',
  `score_zhengzhi` varchar(3) DEFAULT NULL COMMENT '政治成绩',
  `score_wuli` varchar(3) DEFAULT NULL COMMENT '物理成绩',
  `score_huaxue` varchar(3) DEFAULT NULL COMMENT '化学成绩',
  `score_lishi` varchar(3) DEFAULT NULL COMMENT '历史成绩',
  `score_shengwu` varchar(3) DEFAULT NULL COMMENT '地理成绩',
  `selfevaluation` varchar(500) DEFAULT NULL COMMENT '自我评价',
  `create_time` timestamp NOT NULL DEFAULT CURRENT_TIMESTAMP,
  `last_update` timestamp NOT NULL DEFAULT '0000-00-00 00:00:00',
  `liketeacherstyle` varchar(200) DEFAULT NULL COMMENT '喜欢的老师类型',
  `likecoursestyle` varchar(200) DEFAULT NULL COMMENT '喜欢的课程类型',
  `livehabit` varchar(200) DEFAULT NULL COMMENT '生活习惯',
  `score_dili` varchar(10) DEFAULT NULL COMMENT '地理成绩',
  `self_assessment` text COMMENT '自我评价',
  `area_id` int(11) NOT NULL COMMENT '区域id',
  `email` varchar(100) DEFAULT NULL COMMENT 'email地址',
  `qq` varchar(100) DEFAULT NULL COMMENT 'qq号码',
  PRIMARY KEY (`id`)
) ENGINE=InnoDB AUTO_INCREMENT=5 DEFAULT CHARSET=utf8 COMMENT='学生信息表';

/*Data for the table `student_info` */

insert  into `student_info`(`id`,`name`,`grade`,`school`,`age`,`brithday`,`sex`,`homephone`,`phone`,`addr`,`father_name`,`father_phone`,`father_unit`,`father_position`,`mother_name`,`mother_phone`,`mother_unit`,`mother_position`,`interest`,`last_exam_date`,`score_yuwen`,`score_shuxue`,`score_yingwen`,`score_zhengzhi`,`score_wuli`,`score_huaxue`,`score_lishi`,`score_shengwu`,`selfevaluation`,`create_time`,`last_update`,`liketeacherstyle`,`likecoursestyle`,`livehabit`,`score_dili`,`self_assessment`,`area_id`,`email`,`qq`) values (1,'ken','2',NULL,'0','2015-05-03','0',NULL,NULL,NULL,NULL,NULL,NULL,NULL,NULL,NULL,NULL,NULL,NULL,NULL,NULL,NULL,NULL,NULL,NULL,NULL,NULL,NULL,NULL,'2015-05-03 22:21:07','2015-05-03 22:21:07',NULL,NULL,NULL,NULL,NULL,4,NULL,NULL),(2,'罗子然','1','华师附小','0','2015-04-17','1','85217366',NULL,'华南师范大学中区','罗','1388888888','123',NULL,'阳','1399999999','321',NULL,NULL,'2015-07-10','80','80','90',NULL,NULL,NULL,NULL,NULL,NULL,'2015-06-11 06:32:36','2015-06-11 06:32:36',NULL,NULL,NULL,NULL,NULL,4,NULL,NULL),(3,'罗梓刚','2','华师附小','0','2015-04-07','0','52122222','1223',' 啊啊啊啊啊啊啊',NULL,NULL,NULL,NULL,NULL,NULL,NULL,NULL,NULL,NULL,NULL,NULL,NULL,NULL,NULL,NULL,NULL,NULL,NULL,'2015-06-11 08:10:36','2015-06-11 08:10:36',NULL,NULL,NULL,NULL,NULL,4,NULL,NULL),(4,'欧柏江','7','华师附中','12','2003-05-01','0',NULL,NULL,'天河北路12345678号','欧欧','13833333333',NULL,NULL,NULL,NULL,NULL,NULL,NULL,'2015-06-13','100','99','99',NULL,NULL,NULL,NULL,NULL,NULL,'2015-06-15 16:01:17','2015-06-15 16:01:17',NULL,NULL,NULL,NULL,NULL,4,NULL,NULL);

/*Table structure for table `sys_area` */

DROP TABLE IF EXISTS `sys_area`;

CREATE TABLE `sys_area` (
  `id` int(10) NOT NULL AUTO_INCREMENT,
  `name` varchar(50) NOT NULL,
  `parentid` int(10) DEFAULT '0' COMMENT '上一层的区域',
  `iseff` char(1) NOT NULL DEFAULT '0',
  `create_time` timestamp NOT NULL DEFAULT CURRENT_TIMESTAMP,
  `last_update` timestamp NOT NULL DEFAULT '0000-00-00 00:00:00',
  `des` varchar(250) DEFAULT NULL,
  PRIMARY KEY (`id`)
) ENGINE=InnoDB AUTO_INCREMENT=6 DEFAULT CHARSET=utf8 COMMENT='区域';

/*Data for the table `sys_area` */

insert  into `sys_area`(`id`,`name`,`parentid`,`iseff`,`create_time`,`last_update`,`des`) values (4,'天河校区',0,'0','2015-03-08 11:28:11','2015-03-08 11:31:10',NULL),(5,'海珠校区',0,'0','2015-03-08 11:31:20','2015-03-08 11:31:20',NULL);

/*Table structure for table `sys_department` */

DROP TABLE IF EXISTS `sys_department`;

CREATE TABLE `sys_department` (
  `id` int(10) NOT NULL AUTO_INCREMENT,
  `name` varchar(50) NOT NULL,
  `des` varchar(250) DEFAULT NULL,
  `parentid` int(10) DEFAULT NULL COMMENT '上一层的部门构架',
  `iseff` char(1) NOT NULL DEFAULT '0',
  `create_time` timestamp NOT NULL DEFAULT CURRENT_TIMESTAMP ON UPDATE CURRENT_TIMESTAMP,
  `last_update` timestamp NOT NULL DEFAULT '0000-00-00 00:00:00',
  PRIMARY KEY (`id`)
) ENGINE=InnoDB AUTO_INCREMENT=3 DEFAULT CHARSET=utf8;

/*Data for the table `sys_department` */

insert  into `sys_department`(`id`,`name`,`des`,`parentid`,`iseff`,`create_time`,`last_update`) values (1,'教务部',NULL,0,'0','2012-08-14 22:10:09','2012-04-16 20:40:02'),(2,'销售部',NULL,0,'0','2012-08-14 22:10:10','2012-04-16 20:40:13');

/*Table structure for table `sys_log_trace` */

DROP TABLE IF EXISTS `sys_log_trace`;

CREATE TABLE `sys_log_trace` (
  `id` int(10) NOT NULL AUTO_INCREMENT,
  `user_id` int(10) NOT NULL,
  `module_name` varchar(200) NOT NULL DEFAULT '' COMMENT '模块名称',
  `login_time` timestamp NOT NULL DEFAULT CURRENT_TIMESTAMP ON UPDATE CURRENT_TIMESTAMP,
  PRIMARY KEY (`id`)
) ENGINE=InnoDB DEFAULT CHARSET=utf8 COMMENT='系统跟踪表';

/*Data for the table `sys_log_trace` */

/*Table structure for table `sys_menu` */

DROP TABLE IF EXISTS `sys_menu`;

CREATE TABLE `sys_menu` (
  `id` int(10) NOT NULL AUTO_INCREMENT,
  `name` varchar(50) NOT NULL,
  `url` varchar(100) DEFAULT NULL,
  `level` char(1) NOT NULL,
  `parentid` int(10) NOT NULL,
  `iseff` char(1) NOT NULL DEFAULT '0' COMMENT '0:有效,1:无效',
  `isleaf` char(1) NOT NULL COMMENT '是否也是 0:不是, 1:是',
  `des` varchar(100) DEFAULT NULL,
  `createtime` timestamp NOT NULL DEFAULT CURRENT_TIMESTAMP ON UPDATE CURRENT_TIMESTAMP,
  `last_update` timestamp NOT NULL DEFAULT '0000-00-00 00:00:00',
  `icon` varchar(100) DEFAULT NULL,
  `sort` int(10) DEFAULT NULL,
  PRIMARY KEY (`id`)
) ENGINE=InnoDB AUTO_INCREMENT=83 DEFAULT CHARSET=utf8;

/*Data for the table `sys_menu` */

insert  into `sys_menu`(`id`,`name`,`url`,`level`,`parentid`,`iseff`,`isleaf`,`des`,`createtime`,`last_update`,`icon`,`sort`) values (1,'系统设置',NULL,'1',0,'0','0',NULL,'2012-08-10 20:58:37','2012-04-15 00:17:59',NULL,0),(2,'学生管理','','1',0,'0','0','','2012-03-19 20:52:03','2012-02-25 12:35:48','',2),(4,'登陆','/frame/main/main.jsp','1',0,'1','1',NULL,'2012-12-10 20:33:13','2012-11-28 23:26:15',NULL,NULL),(6,'权限管理','/page/system/role/role.jsp','2',1,'0','1',NULL,'2012-04-15 14:26:15','2012-04-15 14:26:15',NULL,3),(10,'系统用户','/page/system/user/user.jsp','2',1,'0','1',NULL,'2012-03-19 21:35:10','2012-03-03 01:18:21',NULL,NULL),(12,'学生信息管理','/page/student/infomrg/infomrg.jsp','2',2,'0','1',NULL,'2012-03-26 23:01:44','2012-03-06 19:47:18',NULL,NULL),(15,'教师管理',NULL,'1',0,'0','0',NULL,'2012-07-23 22:17:48','2012-04-15 00:18:32',NULL,2),(16,'签单管理',NULL,'1',0,'0','0',NULL,'2012-06-16 00:31:44','2012-04-15 00:18:17',NULL,1),(17,'新签单登记','/page/contract/register/register.jsp','2',16,'0','1',NULL,'2012-06-16 00:31:44','2012-03-06 19:47:18',NULL,NULL),(18,'签单流程管理','/page/contract/mrg/info.jsp','2',16,'0','1',NULL,'2012-06-25 20:21:42','2012-03-06 19:47:18',NULL,NULL),(23,'学生沟通记录','/page/student/exchange/infomrg.jsp','2',2,'0','1',NULL,'2012-07-22 22:24:36','2012-03-06 19:47:18',NULL,NULL),(37,'角色管理','/page/system/role/role.jsp','2',1,'0','1',NULL,'2012-03-06 19:47:18','2012-03-06 19:47:18',NULL,NULL),(38,'菜单管理','/page/system/menu/menu.jsp','2',1,'0','1',NULL,'2012-03-06 19:47:18','2012-03-06 19:47:18',NULL,NULL),(39,'部门管理','/page/system/department/dep.jsp','2',1,'0','1',NULL,'2012-04-16 20:37:51','2012-04-16 20:37:51',NULL,4),(42,'学生信息登记','/page/student/register/register.jsp','3',16,'0','1',NULL,'2015-06-25 11:15:00','2012-04-17 22:31:12',NULL,NULL),(43,'签单信息查询','/page/contract/info/info.jsp','3',16,'0','1',NULL,'2012-04-17 22:31:12','2012-04-17 22:31:12',NULL,NULL),(44,'个人信息管理','','1',0,'0','0',NULL,'2012-07-11 20:00:56','2012-04-17 22:31:12',NULL,NULL),(45,'未处理签单','/page/personal/task/info.jsp','2',44,'0','1',NULL,'2015-04-28 16:15:28','2012-04-17 22:31:12',NULL,NULL),(46,'已处理签单','/page/personal/taskhis/info.jsp','2',44,'0','1',NULL,'2015-04-28 16:15:40','2012-04-17 22:31:12',NULL,NULL),(47,'学生信息交流','/page/personal/exchange/info.jsp','2',44,'1','1',NULL,'2015-04-28 16:13:06','2012-07-11 20:01:21',NULL,NULL),(48,'教师信息管理','/page/teacher/info/info.jsp','2',15,'0','1',NULL,'2012-08-02 20:40:49','2012-07-11 20:01:21',NULL,NULL),(51,'统计查询',NULL,'1',0,'0','0',NULL,'2012-07-11 20:01:21','2012-07-11 20:01:21',NULL,NULL),(52,'签单统计',NULL,'2',51,'0','0',NULL,'2012-07-11 20:01:21','2012-07-11 20:01:21',NULL,NULL),(53,'签单日统计','/jasperreports/query/OrderCountDaily.jsp','3',52,'0','1',NULL,'2012-07-11 20:01:21','2012-07-11 20:01:21',NULL,NULL),(54,'消息管理',NULL,'1',0,'0','0',NULL,'2012-07-11 20:01:21','2012-07-11 20:01:21',NULL,NULL),(55,'全部消息历史','/page/notice/allhis/info.jsp','2',54,'0','1',NULL,'2012-12-06 22:20:00','2012-07-11 20:01:21',NULL,NULL),(56,'发送消息','/page/notice/edit/edit.jsp','2',54,'0','1',NULL,'2012-12-06 22:20:00','2012-08-12 22:41:53',NULL,NULL),(57,'已发消息','/page/notice/personalhis/info.jsp','2',54,'0','1',NULL,'2012-12-06 22:20:00','2012-08-12 22:41:53',NULL,NULL),(58,'收件箱','/page/notice/personalhis/noreadinfo.jsp','2',54,'0','1',NULL,'2012-12-06 22:20:00','2012-08-16 23:32:07',NULL,NULL),(59,'市场管理',NULL,'1',0,'0','0',NULL,'2012-08-16 23:45:07','2012-08-16 23:32:07',NULL,NULL),(60,'客户管理','/page/market/customer/info/info.jsp','2',59,'0','1',NULL,'2012-12-06 22:20:00','2012-08-16 23:45:07',NULL,NULL),(61,'来电交流管理','/page/market/customer/exchange/info.jsp','2',59,'0','1',NULL,'2012-12-06 22:20:00','2012-08-16 23:45:07',NULL,NULL),(62,'课程管理',NULL,'1',0,'0','0',NULL,'2012-08-16 23:45:07','2012-08-16 23:45:07',NULL,NULL),(63,'课程分数管理','/page/course/score/info.jsp','2',62,'0','1',NULL,'2012-08-16 23:45:07','2012-08-16 23:45:07',NULL,NULL),(64,'课程评价管理','/page/course/evaluation/info.jsp','2',62,'0','1',NULL,'2012-08-16 23:45:07','2012-08-16 23:45:07',NULL,NULL),(65,'课时管理','/page/course/hour/info.jsp','2',62,'0','1',NULL,'2015-05-05 22:21:33','2012-08-16 23:45:07',NULL,NULL),(66,'授课老师关联学生','/page/teacher/refstudent/info.jsp','2',15,'0','1',NULL,'2012-12-06 22:23:00','2012-09-12 22:02:37',NULL,NULL),(68,'我的学生','/page/teacher/refstudent/info.jsp?isLoginOper=true','2',15,'0','1',NULL,'2012-10-25 22:00:34','2012-10-25 22:00:34',NULL,NULL),(69,'教师信息查询','/page/teacher/info/info.jsp?isOnlyQuery=true','2',15,'0','1',NULL,'2012-11-12 22:31:59','2012-10-25 22:00:34',NULL,NULL),(71,'签单月统计','/jasperreports/query/OrderCountMonthly.jsp','3',52,'0','1',NULL,'2012-11-28 23:28:26','2012-11-12 22:31:59',NULL,NULL),(73,'来电交流查询','/page/market/customer/exchange/info.jsp?isOnlyQuery=true','2',59,'0','1',NULL,'2012-11-28 23:26:15','2012-11-28 23:26:15',NULL,NULL),(74,'系统访问日志','/page/system/trace/trace.jsp','2',1,'0','1',NULL,'2012-11-28 23:26:15','2012-11-28 23:26:15',NULL,NULL),(75,'学生信息查询','/page/student/infomrg/infomrg.jsp?isOnlyQuery=true','2',2,'0','1',NULL,'2012-12-10 22:34:48','2012-11-28 23:26:15',NULL,NULL),(76,'区域管理','/page/system/area/area.jsp','2',1,'0','1',NULL,'2012-12-10 22:34:48','2012-12-10 22:34:48',NULL,NULL),(77,'教师排课','/page/teacher/course/info.jsp','2',15,'0','1',NULL,'2012-12-10 22:34:48','2012-12-10 22:34:48',NULL,NULL),(78,'设置课时','/page/course/period/info.jsp','2',62,'0','1',NULL,'2015-05-05 22:21:43','2012-12-10 22:34:48',NULL,NULL),(79,'重设密码','/page/system/user/password.jsp','2',1,'0','1',NULL,'2015-04-20 18:17:29','2015-04-20 18:17:29',NULL,NULL),(80,'教师日程表','/page/teacher/course/myscheduledaily.jsp','2',15,'0','1',NULL,'2015-04-20 18:17:29','2015-04-20 18:17:29',NULL,NULL),(81,'签单排课(班主任)','/page/contract/schedule/info.jsp','2',16,'0','1',NULL,'2015-06-30 15:44:40','2015-04-20 18:17:29',NULL,NULL),(82,'教师排课(班主任)','/page/teacher/course/info.jsp?forMain=true','2',15,'0','1',NULL,'2015-06-30 15:44:22','2015-06-30 15:44:17',NULL,NULL);

/*Table structure for table `sys_menu_bak` */

DROP TABLE IF EXISTS `sys_menu_bak`;

CREATE TABLE `sys_menu_bak` (
  `id` int(10) NOT NULL DEFAULT '0',
  `name` varchar(50) NOT NULL,
  `url` varchar(100) DEFAULT NULL,
  `level` char(1) NOT NULL,
  `parentid` int(10) NOT NULL,
  `iseff` char(1) NOT NULL DEFAULT '0' COMMENT '0:有效,1:无效',
  `isleaf` char(1) NOT NULL COMMENT '是否也是 0:不是, 1:是',
  `des` varchar(100) DEFAULT NULL,
  `createtime` timestamp NOT NULL DEFAULT '0000-00-00 00:00:00',
  `last_update` timestamp NOT NULL DEFAULT '0000-00-00 00:00:00',
  `icon` varchar(100) DEFAULT NULL,
  `sort` int(10) DEFAULT NULL
) ENGINE=InnoDB DEFAULT CHARSET=utf8;

/*Data for the table `sys_menu_bak` */

insert  into `sys_menu_bak`(`id`,`name`,`url`,`level`,`parentid`,`iseff`,`isleaf`,`des`,`createtime`,`last_update`,`icon`,`sort`) values (1,'系统设置',NULL,'1',0,'0','0',NULL,'2012-08-10 20:58:37','2012-04-15 00:17:59',NULL,0),(2,'学生管理','','1',0,'0','0','','2012-03-19 20:52:03','2012-02-25 12:35:48','',2),(4,'登陆','/frame/main/main.jsp','1',0,'1','1',NULL,'2012-12-10 20:33:13','2012-11-28 23:26:15',NULL,NULL),(6,'权限管理','/page/system/role/role.jsp','2',1,'0','1',NULL,'2012-04-15 14:26:15','2012-04-15 14:26:15',NULL,3),(10,'系统用户','/page/system/user/user.jsp','2',1,'0','1',NULL,'2012-03-19 21:35:10','2012-03-03 01:18:21',NULL,NULL),(12,'学生信息管理','/page/student/infomrg/infomrg.jsp','2',2,'0','1',NULL,'2012-03-26 23:01:44','2012-03-06 19:47:18',NULL,NULL),(15,'教师管理',NULL,'1',0,'0','0',NULL,'2012-07-23 22:17:48','2012-04-15 00:18:32',NULL,2),(16,'签单管理',NULL,'1',0,'0','0',NULL,'2012-06-16 00:31:44','2012-04-15 00:18:17',NULL,1),(17,'新签单登记','/page/contract/register/register.jsp','2',16,'0','1',NULL,'2012-06-16 00:31:44','2012-03-06 19:47:18',NULL,NULL),(18,'签单流程管理','/page/contract/mrg/info.jsp','2',16,'0','1',NULL,'2012-06-25 20:21:42','2012-03-06 19:47:18',NULL,NULL),(23,'学生沟通记录','/page/student/exchange/infomrg.jsp','2',2,'0','1',NULL,'2012-07-22 22:24:36','2012-03-06 19:47:18',NULL,NULL),(37,'角色管理','/page/system/role/role.jsp','2',1,'0','1',NULL,'2012-03-06 19:47:18','2012-03-06 19:47:18',NULL,NULL),(38,'菜单管理','/page/system/menu/menu.jsp','2',1,'0','1',NULL,'2012-03-06 19:47:18','2012-03-06 19:47:18',NULL,NULL),(39,'部门管理','/page/system/department/dep.jsp','2',1,'0','1',NULL,'2012-04-16 20:37:51','2012-04-16 20:37:51',NULL,4),(42,'学生信息登记','/page/student/register/register.jsp','3',2,'0','1',NULL,'2012-04-17 22:31:12','2012-04-17 22:31:12',NULL,NULL),(43,'签单信息查询','/page/contract/info/info.jsp','3',16,'0','1',NULL,'2012-04-17 22:31:12','2012-04-17 22:31:12',NULL,NULL),(44,'个人信息管理','','1',0,'0','0',NULL,'2012-07-11 20:00:56','2012-04-17 22:31:12',NULL,NULL),(45,'未处理签单','/page/personal/task/info.jsp','2',44,'0','1',NULL,'2015-04-28 16:15:28','2012-04-17 22:31:12',NULL,NULL),(46,'已处理签单','/page/personal/taskhis/info.jsp','2',44,'0','1',NULL,'2015-04-28 16:15:40','2012-04-17 22:31:12',NULL,NULL),(47,'学生信息交流','/page/personal/exchange/info.jsp','2',44,'1','1',NULL,'2015-04-28 16:13:06','2012-07-11 20:01:21',NULL,NULL),(48,'教师信息管理','/page/teacher/info/info.jsp','2',15,'0','1',NULL,'2012-08-02 20:40:49','2012-07-11 20:01:21',NULL,NULL),(51,'统计查询',NULL,'1',0,'0','0',NULL,'2012-07-11 20:01:21','2012-07-11 20:01:21',NULL,NULL),(52,'签单统计',NULL,'2',51,'0','0',NULL,'2012-07-11 20:01:21','2012-07-11 20:01:21',NULL,NULL),(53,'签单日统计','/jasperreports/query/OrderCountDaily.jsp','3',52,'0','1',NULL,'2012-07-11 20:01:21','2012-07-11 20:01:21',NULL,NULL),(54,'消息管理',NULL,'1',0,'0','0',NULL,'2012-07-11 20:01:21','2012-07-11 20:01:21',NULL,NULL),(55,'全部消息历史','/page/notice/allhis/info.jsp','2',54,'0','1',NULL,'2012-12-06 22:20:00','2012-07-11 20:01:21',NULL,NULL),(56,'发送消息','/page/notice/edit/edit.jsp','2',54,'0','1',NULL,'2012-12-06 22:20:00','2012-08-12 22:41:53',NULL,NULL),(57,'已发消息','/page/notice/personalhis/info.jsp','2',54,'0','1',NULL,'2012-12-06 22:20:00','2012-08-12 22:41:53',NULL,NULL),(58,'收件箱','/page/notice/personalhis/noreadinfo.jsp','2',54,'0','1',NULL,'2012-12-06 22:20:00','2012-08-16 23:32:07',NULL,NULL),(59,'市场管理',NULL,'1',0,'0','0',NULL,'2012-08-16 23:45:07','2012-08-16 23:32:07',NULL,NULL),(60,'客户管理','/page/market/customer/info/info.jsp','2',59,'0','1',NULL,'2012-12-06 22:20:00','2012-08-16 23:45:07',NULL,NULL),(61,'来电交流管理','/page/market/customer/exchange/info.jsp','2',59,'0','1',NULL,'2012-12-06 22:20:00','2012-08-16 23:45:07',NULL,NULL),(62,'课程管理',NULL,'1',0,'0','0',NULL,'2012-08-16 23:45:07','2012-08-16 23:45:07',NULL,NULL),(63,'课程分数管理','/page/course/score/info.jsp','2',62,'0','1',NULL,'2012-08-16 23:45:07','2012-08-16 23:45:07',NULL,NULL),(64,'课程评价管理','/page/course/evaluation/info.jsp','2',62,'0','1',NULL,'2012-08-16 23:45:07','2012-08-16 23:45:07',NULL,NULL),(65,'课时管理','/page/course/hour/info.jsp','2',62,'0','1',NULL,'2015-05-05 22:21:33','2012-08-16 23:45:07',NULL,NULL),(66,'授课老师关联学生','/page/teacher/refstudent/info.jsp','2',15,'0','1',NULL,'2012-12-06 22:23:00','2012-09-12 22:02:37',NULL,NULL),(68,'我的学生','/page/teacher/refstudent/info.jsp?isLoginOper=true','2',15,'0','1',NULL,'2012-10-25 22:00:34','2012-10-25 22:00:34',NULL,NULL),(69,'教师信息查询','/page/teacher/info/info.jsp?isOnlyQuery=true','2',15,'0','1',NULL,'2012-11-12 22:31:59','2012-10-25 22:00:34',NULL,NULL),(71,'签单月统计','/jasperreports/query/OrderCountMonthly.jsp','3',52,'0','1',NULL,'2012-11-28 23:28:26','2012-11-12 22:31:59',NULL,NULL),(73,'来电交流查询','/page/market/customer/exchange/info.jsp?isOnlyQuery=true','2',59,'0','1',NULL,'2012-11-28 23:26:15','2012-11-28 23:26:15',NULL,NULL),(74,'系统访问日志','/page/system/trace/trace.jsp','2',1,'0','1',NULL,'2012-11-28 23:26:15','2012-11-28 23:26:15',NULL,NULL),(75,'学生信息查询','/page/student/infomrg/infomrg.jsp?isOnlyQuery=true','2',2,'0','1',NULL,'2012-12-10 22:34:48','2012-11-28 23:26:15',NULL,NULL),(76,'区域管理','/page/system/area/area.jsp','2',1,'0','1',NULL,'2012-12-10 22:34:48','2012-12-10 22:34:48',NULL,NULL),(77,'教师排课','/page/teacher/course/info.jsp','2',15,'0','1',NULL,'2012-12-10 22:34:48','2012-12-10 22:34:48',NULL,NULL),(78,'设置课时','/page/course/period/info.jsp','2',62,'0','1',NULL,'2015-05-05 22:21:43','2012-12-10 22:34:48',NULL,NULL),(79,'重设密码','/page/system/user/password.jsp','2',1,'0','1',NULL,'2015-04-20 18:17:29','2015-04-20 18:17:29',NULL,NULL),(80,'教师日程表','/page/teacher/course/myscheduledaily.jsp','2',15,'0','1',NULL,'2015-04-20 18:17:29','2015-04-20 18:17:29',NULL,NULL),(81,'签单排课','/page/contract/schedule/info.jsp','2',16,'0','1',NULL,'2015-04-20 18:17:29','2015-04-20 18:17:29',NULL,NULL);

/*Table structure for table `sys_param` */

DROP TABLE IF EXISTS `sys_param`;

CREATE TABLE `sys_param` (
  `param_code` varchar(50) NOT NULL,
  `param_name` varchar(50) NOT NULL,
  `param_value` varchar(50) DEFAULT NULL,
  `root_code` varchar(50) DEFAULT NULL,
  `des` varchar(250) DEFAULT NULL,
  `seq` varchar(10) DEFAULT NULL,
  `iseff` char(1) NOT NULL DEFAULT '0',
  `create_time` timestamp NOT NULL DEFAULT CURRENT_TIMESTAMP,
  `last_update` timestamp NOT NULL DEFAULT '0000-00-00 00:00:00',
  PRIMARY KEY (`param_code`)
) ENGINE=InnoDB DEFAULT CHARSET=utf8;

/*Data for the table `sys_param` */

insert  into `sys_param`(`param_code`,`param_name`,`param_value`,`root_code`,`des`,`seq`,`iseff`,`create_time`,`last_update`) values ('','',NULL,NULL,NULL,NULL,'0','2015-04-11 17:20:51','0000-00-00 00:00:00'),('ACCEPT','确认','0','TASK_OPER',NULL,'0','0','2012-03-13 20:50:21','2012-03-13 20:50:21'),('APPLY_STATUS','审批结果',NULL,NULL,NULL,NULL,'0','2012-03-13 20:50:21','2012-03-13 20:50:21'),('ATTACH_TYPE_A','初期辅导方案','1','ATTACH_TYPE',NULL,'0','0','2012-03-13 20:50:21','2012-03-13 20:50:21'),('ATTACH_TYPE_B','华实模拟协议','2','ATTACH_TYPE',NULL,'0','0','2012-03-13 20:50:21','2012-03-13 20:50:21'),('ATTACH_TYPE_C','全方位测评报告','3','ATTACH_TYPE',NULL,'0','0','2012-03-13 20:50:21','2012-03-13 20:50:21'),('ATTACH_TYPE_D','教学安排表','4','ATTACH_TYPE',NULL,'0','0','2012-03-13 20:50:21','2012-03-13 20:50:21'),('ATTACH_TYPE_F','教学方案','5','ATTACH_TYPE',NULL,'0','0','2012-03-13 20:50:21','2012-03-13 20:50:21'),('CONTRACT_STATUS','签单状态',NULL,NULL,NULL,NULL,'0','2012-03-13 20:50:21','2012-03-13 20:50:21'),('COURSEHOUR_CANCEL','已撤销','1','COURSE_HOUR_STATUS',NULL,'1','0','2012-03-13 20:50:21','2012-03-13 20:50:21'),('COURSEHOUR_SETTLE','已清算','0','COURSE_HOUR_STATUS',NULL,'0','0','2012-03-13 20:50:21','2012-03-13 20:50:21'),('COURSE_DILI','地理','9','ORDER_COURSE',NULL,'9','0','2012-03-13 20:50:21','2012-03-13 20:50:21'),('COURSE_HUAXUE','化学','5','ORDER_COURSE',NULL,'5','0','2012-03-13 20:50:21','2012-03-13 20:50:21'),('COURSE_LISHI','历史','8','ORDER_COURSE',NULL,'8','0','2012-03-13 20:50:21','2012-03-13 20:50:21'),('COURSE_SHENGWU','生物','7','ORDER_COURSE',NULL,'7','0','2012-03-13 20:50:21','2012-03-13 20:50:21'),('COURSE_SHUXUE','数学','2','ORDER_COURSE',NULL,'2','0','2012-03-13 20:50:21','2012-03-13 20:50:21'),('COURSE_WULI','物理','4','ORDER_COURSE',NULL,'4','0','2012-03-13 20:50:21','2012-03-13 20:50:21'),('COURSE_YINGWEN','英语','3','ORDER_COURSE',NULL,'3','0','2012-03-13 20:50:21','2012-03-13 20:50:21'),('COURSE_YUWEN','语文','1','ORDER_COURSE',NULL,'1','0','2012-03-13 20:50:21','2012-03-13 20:50:21'),('COURSE_ZHENGZHI','政治','6','ORDER_COURSE',NULL,'6','0','2012-03-13 20:50:21','2012-03-13 20:50:21'),('CUSTOMER_STATUS','客户当前状态',NULL,NULL,NULL,NULL,'0','2012-03-13 20:50:21','2012-03-13 20:50:21'),('CUSTOMER_STATUS_A','去电','0','CUSTOMER_STATUS',NULL,NULL,'0','2012-03-13 20:50:21','2012-03-13 20:50:21'),('CUSTOMER_STATUS_B','未上门','1','CUSTOMER_STATUS',NULL,NULL,'0','2012-03-13 20:50:21','2012-03-13 20:50:21'),('CUSTOMER_STATUS_C','已上门','2','CUSTOMER_STATUS',NULL,NULL,'0','2012-03-13 20:50:21','2012-03-13 20:50:21'),('EDUADMIN_CONFIRM','教务部审批','5','CONTRACT_STATUS',NULL,'5','0','2012-03-13 20:50:21','2012-03-13 20:50:21'),('EDUADMIN_DISPATCH','教务部分配班主任','2','CONTRACT_STATUS',NULL,'2','0','2012-03-13 20:50:21','2012-03-13 20:50:21'),('EFFECTIVE','有效','0','ISEFF',NULL,'0','0','2012-03-13 20:50:21','2012-03-13 20:50:21'),('FORMAL_TEACHER','正式教师','0','TEACHER_TYPE',NULL,'0','0','2012-03-13 20:50:21','2012-03-13 20:50:21'),('FRIDAY','星期五','6','WEEK',NULL,'6','0','2012-03-13 20:50:21','2012-03-13 20:50:21'),('GRADE','年级',NULL,NULL,NULL,'1','0','2012-03-13 20:50:21','2012-03-13 20:50:21'),('HIGH_FIVE','高中二年级','11','GRADE',NULL,'11','0','2012-03-13 20:50:21','2012-03-13 20:50:21'),('HIGH_FOUR','高中一年级','10','GRADE',NULL,'10','0','2012-03-13 20:50:21','2012-03-13 20:50:21'),('HIGH_ONE','初中一年级','7','GRADE',NULL,'7','0','2012-03-13 20:50:21','2012-03-13 20:50:21'),('HIGH_SIX','高中三年级','12','GRADE',NULL,'12','0','2012-03-13 20:50:21','2012-03-13 20:50:21'),('HIGH_THREE','初中三年级','9','GRADE',NULL,'9','0','2012-03-13 20:50:21','2012-03-13 20:50:21'),('HIGH_TWO','初中二年级','8','GRADE',NULL,'8','0','2012-03-13 20:50:21','2012-03-13 20:50:21'),('INEFFECTIVE','无效','1','ISEFF',NULL,'1','0','2012-03-13 20:50:21','2012-03-13 20:50:21'),('ISEFF','是否有效',NULL,NULL,NULL,NULL,'0','2012-03-13 20:50:21','2012-03-13 20:50:21'),('JUNIOR_FIVE',' 小学五年级','5','GRADE',NULL,'5','0','2012-03-13 20:50:21','2012-03-13 20:50:21'),('JUNIOR_FOUR',' 小学四年级','4','GRADE',NULL,'4','0','2012-03-13 20:50:21','2012-03-13 20:50:21'),('JUNIOR_ONE',' 小学一年级','1','GRADE',NULL,'1','0','2012-03-13 20:50:21','2012-03-13 20:50:21'),('JUNIOR_SIX',' 小学六年级','6','GRADE',NULL,'6','0','2012-03-13 20:50:21','2012-03-13 20:50:21'),('JUNIOR_THREE',' 小学三年级','3','GRADE',NULL,'3','0','2012-03-13 20:50:21','2012-03-13 20:50:21'),('JUNIOR_TWO',' 小学二年级','2','GRADE',NULL,'2','0','2012-03-13 20:50:21','2012-03-13 20:50:21'),('LAERNING','授课中','7','CONTRACT_STATUS',NULL,'7','0','2012-03-13 20:50:21','2012-03-13 20:50:21'),('MAINTEACHER_CONFIRM','待班主任确认','3','CONTRACT_STATUS',NULL,'3','0','2012-03-13 20:50:21','2012-03-13 20:50:21'),('MAINTEACHER_HANDLE','班主任处理中','4','CONTRACT_STATUS',NULL,'4','0','2012-03-13 20:50:21','2012-03-13 20:50:21'),('MAN','男','0','SEXTYPE',NULL,'0','0','2012-03-13 20:50:21','2012-03-13 20:50:21'),('MARKETEXECUTIVE_HANDLE','销售主管审批','1','CONTRACT_STATUS',NULL,'1','0','2012-03-13 20:50:21','2012-03-13 20:50:21'),('MONDAY','星期一','2','WEEK',NULL,'2','0','2012-03-13 20:50:21','2012-03-13 20:50:21'),('NEW','新签单','0','CONTRACT_STATUS',NULL,'0','0','2012-03-13 20:50:21','2012-03-13 20:50:21'),('NO','否','0','YESORNO',NULL,'1','0','2012-03-13 20:50:21','2012-03-13 20:50:21'),('NOTICER_DEPARTMENT','部门','2','NOTICER_TYPE',NULL,'2','0','2012-08-12 22:28:19','2012-08-12 22:28:19'),('NOTICER_PERSONAL','个人','0','NOTICER_TYPE',NULL,'0','0','2012-08-12 22:28:19','2012-08-12 22:28:19'),('NOTICER_TYPE','消息者类型',NULL,NULL,NULL,NULL,'0','2012-08-12 22:28:19','0000-00-00 00:00:00'),('NOTICE_NOREAD','未读','0','NOTICE_STATUS',NULL,NULL,'0','2012-03-13 20:50:21','2012-03-13 20:50:21'),('NOTICE_READ','已读','1','NOTICE_STATUS',NULL,NULL,'0','2012-03-13 20:50:21','2012-03-13 20:50:21'),('NOTICE_STATUS','公告状态',NULL,NULL,NULL,NULL,'0','2012-03-13 20:50:21','2012-03-13 20:50:21'),('NOTPASS','不通过','2','APPLY_STATUS',NULL,'2','0','2012-03-13 20:50:21','2012-03-13 20:50:21'),('ORDER_COURSE','签单课程',NULL,NULL,NULL,NULL,'0','2012-03-13 20:50:21','2012-03-13 20:50:21'),('ORDER_RUN_STATUS_A','审批中','0','ORDER_RUN_STATUS',NULL,'0','0','2012-03-13 20:50:21','2012-03-13 20:50:21'),('ORDER_RUN_STATUS_C','授课中','1','ORDER_RUN_STATUS',NULL,'0','0','2012-03-13 20:50:21','2012-03-13 20:50:21'),('ORDER_RUN_STATUS_D','结束','2','ORDER_RUN_STATUS',NULL,'0','0','2012-03-13 20:50:21','2012-03-13 20:50:21'),('OVER','结束','8','CONTRACT_STATUS',NULL,'8','0','2012-03-13 20:50:21','2012-03-13 20:50:21'),('PARTTIME_TEACHER','兼职教师','1','TEACHER_TYPE',NULL,'1','0','2012-03-13 20:50:21','2012-03-13 20:50:21'),('PASS','通过','1','APPLY_STATUS',NULL,'1','0','2012-03-13 20:50:21','2012-03-13 20:50:21'),('POSITION','职位',NULL,NULL,NULL,NULL,'0','2012-03-13 20:50:21','2012-03-13 20:50:21'),('REJECT','拒绝','1','TASK_OPER',NULL,'1','0','2012-03-13 20:50:21','2012-03-13 20:50:21'),('RESIDENT_TYPE','户口类型',NULL,NULL,NULL,NULL,'0','2012-03-13 20:50:21','2012-03-13 20:50:21'),('RESIDENT_TYPE_A','非农业户口','0','RESIDENT_TYPE',NULL,NULL,'0','2012-03-13 20:50:21','2012-03-13 20:50:21'),('RESIDENT_TYPE_B','农业户口','1','RESIDENT_TYPE',NULL,NULL,'0','2012-03-13 20:50:21','2012-03-13 20:50:21'),('RESIDENT_TYPE_C','居民户口','2','RESIDENT_TYPE',NULL,NULL,'0','2012-03-13 20:50:21','2012-03-13 20:50:21'),('SATURDAY','星期六','7','WEEK',NULL,'7','0','2012-03-13 20:50:21','2012-03-13 20:50:21'),('SCHEDULE_DETAIL_FINISH','结束','1','SCHEDULE_DETAIL_STATUS',NULL,'1','0','2012-03-13 20:50:21','2012-03-13 20:50:21'),('SCHEDULE_DETAIL_NOTFINISH','没结束','0','SCHEDULE_DETAIL_STATUS',NULL,'0','0','2012-03-13 20:50:21','2012-03-13 20:50:21'),('SCHEDULE_END','结束','2','SCHEDULE_STATUS',NULL,'2','0','2015-04-11 17:21:37','2012-03-13 20:50:21'),('SCHEDULE_NOTBEGIN','未开始','0','SCHEDULE_STATUS',NULL,'0','0','2015-04-11 17:23:40','2015-04-11 17:23:40'),('SCHEDULE_RUNNING','开始中','1','SCHEDULE_STATUS',NULL,'1','0','2015-04-11 17:21:29','2012-03-13 20:50:21'),('SELLER','销售','0','POSITION',NULL,'0','0','2012-03-13 20:50:21','2012-03-13 20:50:21'),('SEXTYPE','性别',NULL,NULL,NULL,NULL,'0','2012-03-13 20:50:21','2012-03-13 20:50:21'),('STUDENT_TYPE','学生类型',NULL,NULL,NULL,NULL,'0','2012-03-13 20:50:21','2012-03-13 20:50:21'),('STUDENT_TYPE_A','普通借读生','0','STUDENT_TYPE',NULL,NULL,'0','2012-03-13 20:50:21','2012-03-13 20:50:21'),('STUDENT_TYPE_B','正式生','1','STUDENT_TYPE',NULL,NULL,'0','2012-03-13 20:50:21','2012-03-13 20:50:21'),('SUNDAY','星期日','1','WEEK',NULL,'1','0','2012-03-13 20:50:21','2012-03-13 20:50:21'),('TEACHER','教师','1','POSITION',NULL,'1','0','2012-03-13 20:50:21','2012-03-13 20:50:21'),('TEACHER_CONFIRM','待授课老师确认','6','CONTRACT_STATUS',NULL,'6','0','2012-03-13 20:50:21','2012-03-13 20:50:21'),('THURSDAY','星期四','5','WEEK',NULL,'5','0','2012-03-13 20:50:21','2012-03-13 20:50:21'),('TUESDAY','星期二','3','WEEK',NULL,'3','0','2012-03-13 20:50:21','2012-03-13 20:50:21'),('VISIT_SOURCE_TYPE','访问来源',NULL,NULL,NULL,NULL,'0','2012-03-13 20:50:21','2012-03-13 20:50:21'),('VISIT_SOURCE_TYPE_A','来电','0','VISIT_SOURCE_TYPE',NULL,NULL,'0','2012-03-13 20:50:21','2012-03-13 20:50:21'),('VISIT_SOURCE_TYPE_B','短信','1','VISIT_SOURCE_TYPE',NULL,NULL,'0','2012-03-13 20:50:21','2012-03-13 20:50:21'),('VISIT_SOURCE_TYPE_C','老资料回访','2','VISIT_SOURCE_TYPE',NULL,NULL,'0','2012-03-13 20:50:21','2012-03-13 20:50:21'),('WAIT','待审批','0','APPLY_STATUS',NULL,'0','0','2012-03-13 20:50:21','2012-03-13 20:50:21'),('WEBNESDAY','星期三','4','WEEK',NULL,'4','0','2012-03-13 20:50:21','2012-03-13 20:50:21'),('WOMAN','女','1','SEXTYPE',NULL,'1','0','2012-03-13 20:50:21','2012-03-13 20:50:21'),('YES','是','1','YESORNO',NULL,'0','0','2012-03-13 20:50:21','2012-03-13 20:50:21'),('YESORNO','是与否',NULL,NULL,NULL,'0','0','2012-03-13 20:50:21','2012-03-13 20:50:21');

/*Table structure for table `sys_right_rel` */

DROP TABLE IF EXISTS `sys_right_rel`;

CREATE TABLE `sys_right_rel` (
  `id` int(10) unsigned NOT NULL AUTO_INCREMENT,
  `type` varchar(50) NOT NULL COMMENT '关系类型 0:用户 1：角色 2：部门 ',
  `rel_id` varchar(250) DEFAULT NULL COMMENT '关联对象',
  `target_id` int(10) unsigned DEFAULT NULL COMMENT '对象ID',
  `create_time` timestamp NOT NULL DEFAULT CURRENT_TIMESTAMP,
  `last_update` timestamp NOT NULL DEFAULT '0000-00-00 00:00:00',
  `rel_right` int(1) NOT NULL DEFAULT '0' COMMENT '关系类型 0:菜单 1：区域',
  PRIMARY KEY (`id`)
) ENGINE=InnoDB AUTO_INCREMENT=2013 DEFAULT CHARSET=utf8 COMMENT='权限菜单关联';

/*Data for the table `sys_right_rel` */

insert  into `sys_right_rel`(`id`,`type`,`rel_id`,`target_id`,`create_time`,`last_update`,`rel_right`) values (20,'0','17',40,'2012-08-14 21:46:12','2012-08-14 21:46:12',0),(21,'0','17',41,'2012-08-14 21:46:12','2012-08-14 21:46:12',0),(262,'1','2',2,'2012-08-18 20:17:27','2012-08-18 20:17:27',0),(263,'1','2',12,'2012-08-18 20:17:27','2012-08-18 20:17:27',0),(264,'1','2',23,'2012-08-18 20:17:27','2012-08-18 20:17:27',0),(265,'1','2',42,'2012-08-18 20:17:27','2012-08-18 20:17:27',0),(266,'1','2',15,'2012-08-18 20:17:27','2012-08-18 20:17:27',0),(267,'1','2',48,'2012-08-18 20:17:27','2012-08-18 20:17:27',0),(268,'1','2',16,'2012-08-18 20:17:27','2012-08-18 20:17:27',0),(269,'1','2',17,'2012-08-18 20:17:27','2012-08-18 20:17:27',0),(270,'1','2',43,'2012-08-18 20:17:27','2012-08-18 20:17:27',0),(271,'1','2',44,'2012-08-18 20:17:27','2012-08-18 20:17:27',0),(272,'1','2',45,'2012-08-18 20:17:27','2012-08-18 20:17:27',0),(273,'1','2',46,'2012-08-18 20:17:27','2012-08-18 20:17:27',0),(274,'1','2',47,'2012-08-18 20:17:27','2012-08-18 20:17:27',0),(275,'1','2',54,'2012-08-18 20:17:27','2012-08-18 20:17:27',0),(276,'1','2',56,'2012-08-18 20:17:27','2012-08-18 20:17:27',0),(277,'1','2',57,'2012-08-18 20:17:27','2012-08-18 20:17:27',0),(278,'1','2',58,'2012-08-18 20:17:27','2012-08-18 20:17:27',0),(279,'1','3',2,'2012-08-18 20:17:36','2012-08-18 20:17:36',0),(280,'1','3',12,'2012-08-18 20:17:36','2012-08-18 20:17:36',0),(281,'1','3',23,'2012-08-18 20:17:36','2012-08-18 20:17:36',0),(282,'1','3',15,'2012-08-18 20:17:36','2012-08-18 20:17:36',0),(283,'1','3',48,'2012-08-18 20:17:36','2012-08-18 20:17:36',0),(284,'1','3',16,'2012-08-18 20:17:36','2012-08-18 20:17:36',0),(285,'1','3',43,'2012-08-18 20:17:36','2012-08-18 20:17:36',0),(286,'1','3',44,'2012-08-18 20:17:36','2012-08-18 20:17:36',0),(287,'1','3',45,'2012-08-18 20:17:36','2012-08-18 20:17:36',0),(288,'1','3',46,'2012-08-18 20:17:36','2012-08-18 20:17:36',0),(289,'1','3',47,'2012-08-18 20:17:36','2012-08-18 20:17:36',0),(290,'1','3',51,'2012-08-18 20:17:36','2012-08-18 20:17:36',0),(291,'1','3',52,'2012-08-18 20:17:36','2012-08-18 20:17:36',0),(292,'1','3',53,'2012-08-18 20:17:36','2012-08-18 20:17:36',0),(293,'1','3',54,'2012-08-18 20:17:36','2012-08-18 20:17:36',0),(294,'1','3',56,'2012-08-18 20:17:36','2012-08-18 20:17:36',0),(295,'1','3',57,'2012-08-18 20:17:36','2012-08-18 20:17:36',0),(296,'1','3',58,'2012-08-18 20:17:36','2012-08-18 20:17:36',0),(589,'1','2',2,'2012-11-11 00:35:22','2012-11-11 00:35:22',0),(590,'1','2',12,'2012-11-11 00:35:22','2012-11-11 00:35:22',0),(591,'1','2',23,'2012-11-11 00:35:22','2012-11-11 00:35:22',0),(592,'1','2',42,'2012-11-11 00:35:22','2012-11-11 00:35:22',0),(593,'1','2',15,'2012-11-11 00:35:22','2012-11-11 00:35:22',0),(594,'1','2',48,'2012-11-11 00:35:22','2012-11-11 00:35:22',0),(595,'1','2',16,'2012-11-11 00:35:22','2012-11-11 00:35:22',0),(596,'1','2',17,'2012-11-11 00:35:22','2012-11-11 00:35:22',0),(597,'1','2',43,'2012-11-11 00:35:22','2012-11-11 00:35:22',0),(598,'1','2',44,'2012-11-11 00:35:22','2012-11-11 00:35:22',0),(599,'1','2',45,'2012-11-11 00:35:22','2012-11-11 00:35:22',0),(600,'1','2',46,'2012-11-11 00:35:22','2012-11-11 00:35:22',0),(601,'1','2',47,'2012-11-11 00:35:22','2012-11-11 00:35:22',0),(602,'1','2',54,'2012-11-11 00:35:22','2012-11-11 00:35:22',0),(603,'1','2',56,'2012-11-11 00:35:22','2012-11-11 00:35:22',0),(604,'1','2',57,'2012-11-11 00:35:22','2012-11-11 00:35:22',0),(605,'1','2',58,'2012-11-11 00:35:22','2012-11-11 00:35:22',0),(606,'1','2',59,'2012-11-11 00:35:22','2012-11-11 00:35:22',0),(607,'1','2',60,'2012-11-11 00:35:22','2012-11-11 00:35:22',0),(608,'1','2',61,'2012-11-11 00:35:22','2012-11-11 00:35:22',0),(609,'1','2',2,'2012-11-11 00:35:27','2012-11-11 00:35:27',0),(610,'1','2',12,'2012-11-11 00:35:27','2012-11-11 00:35:27',0),(611,'1','2',23,'2012-11-11 00:35:27','2012-11-11 00:35:27',0),(612,'1','2',42,'2012-11-11 00:35:27','2012-11-11 00:35:27',0),(613,'1','2',16,'2012-11-11 00:35:27','2012-11-11 00:35:27',0),(614,'1','2',17,'2012-11-11 00:35:27','2012-11-11 00:35:27',0),(615,'1','2',43,'2012-11-11 00:35:27','2012-11-11 00:35:27',0),(616,'1','2',44,'2012-11-11 00:35:27','2012-11-11 00:35:27',0),(617,'1','2',45,'2012-11-11 00:35:27','2012-11-11 00:35:27',0),(618,'1','2',46,'2012-11-11 00:35:27','2012-11-11 00:35:27',0),(619,'1','2',47,'2012-11-11 00:35:27','2012-11-11 00:35:27',0),(620,'1','2',54,'2012-11-11 00:35:27','2012-11-11 00:35:27',0),(621,'1','2',56,'2012-11-11 00:35:27','2012-11-11 00:35:27',0),(622,'1','2',57,'2012-11-11 00:35:27','2012-11-11 00:35:27',0),(623,'1','2',58,'2012-11-11 00:35:27','2012-11-11 00:35:27',0),(624,'1','2',59,'2012-11-11 00:35:27','2012-11-11 00:35:27',0),(625,'1','2',60,'2012-11-11 00:35:27','2012-11-11 00:35:27',0),(626,'1','2',61,'2012-11-11 00:35:27','2012-11-11 00:35:27',0),(669,'1','2',2,'2012-11-12 22:47:23','2012-11-12 22:47:23',0),(670,'1','2',12,'2012-11-12 22:47:23','2012-11-12 22:47:23',0),(671,'1','2',23,'2012-11-12 22:47:23','2012-11-12 22:47:23',0),(672,'1','2',42,'2012-11-12 22:47:23','2012-11-12 22:47:23',0),(673,'1','2',15,'2012-11-12 22:47:23','2012-11-12 22:47:23',0),(674,'1','2',66,'2012-11-12 22:47:23','2012-11-12 22:47:23',0),(675,'1','2',69,'2012-11-12 22:47:23','2012-11-12 22:47:23',0),(676,'1','2',16,'2012-11-12 22:47:23','2012-11-12 22:47:23',0),(677,'1','2',17,'2012-11-12 22:47:23','2012-11-12 22:47:23',0),(678,'1','2',43,'2012-11-12 22:47:23','2012-11-12 22:47:23',0),(679,'1','2',44,'2012-11-12 22:47:23','2012-11-12 22:47:23',0),(680,'1','2',45,'2012-11-12 22:47:23','2012-11-12 22:47:23',0),(681,'1','2',46,'2012-11-12 22:47:23','2012-11-12 22:47:23',0),(682,'1','2',47,'2012-11-12 22:47:23','2012-11-12 22:47:23',0),(683,'1','2',54,'2012-11-12 22:47:23','2012-11-12 22:47:23',0),(684,'1','2',56,'2012-11-12 22:47:23','2012-11-12 22:47:23',0),(685,'1','2',57,'2012-11-12 22:47:23','2012-11-12 22:47:23',0),(686,'1','2',58,'2012-11-12 22:47:23','2012-11-12 22:47:23',0),(687,'1','2',59,'2012-11-12 22:47:23','2012-11-12 22:47:23',0),(688,'1','2',60,'2012-11-12 22:47:23','2012-11-12 22:47:23',0),(689,'1','2',61,'2012-11-12 22:47:23','2012-11-12 22:47:23',0),(690,'1','2',2,'2012-11-12 22:47:28','2012-11-12 22:47:28',0),(691,'1','2',12,'2012-11-12 22:47:28','2012-11-12 22:47:28',0),(692,'1','2',23,'2012-11-12 22:47:28','2012-11-12 22:47:28',0),(693,'1','2',42,'2012-11-12 22:47:28','2012-11-12 22:47:28',0),(694,'1','2',15,'2012-11-12 22:47:28','2012-11-12 22:47:28',0),(695,'1','2',66,'2012-11-12 22:47:28','2012-11-12 22:47:28',0),(696,'1','2',68,'2012-11-12 22:47:28','2012-11-12 22:47:28',0),(697,'1','2',69,'2012-11-12 22:47:28','2012-11-12 22:47:28',0),(698,'1','2',16,'2012-11-12 22:47:28','2012-11-12 22:47:28',0),(699,'1','2',17,'2012-11-12 22:47:28','2012-11-12 22:47:28',0),(700,'1','2',43,'2012-11-12 22:47:28','2012-11-12 22:47:28',0),(701,'1','2',44,'2012-11-12 22:47:28','2012-11-12 22:47:28',0),(702,'1','2',45,'2012-11-12 22:47:28','2012-11-12 22:47:28',0),(703,'1','2',46,'2012-11-12 22:47:28','2012-11-12 22:47:28',0),(704,'1','2',47,'2012-11-12 22:47:28','2012-11-12 22:47:28',0),(705,'1','2',54,'2012-11-12 22:47:29','2012-11-12 22:47:29',0),(706,'1','2',56,'2012-11-12 22:47:29','2012-11-12 22:47:29',0),(707,'1','2',57,'2012-11-12 22:47:29','2012-11-12 22:47:29',0),(708,'1','2',58,'2012-11-12 22:47:29','2012-11-12 22:47:29',0),(709,'1','2',59,'2012-11-12 22:47:29','2012-11-12 22:47:29',0),(710,'1','2',60,'2012-11-12 22:47:29','2012-11-12 22:47:29',0),(711,'1','2',61,'2012-11-12 22:47:29','2012-11-12 22:47:29',0),(712,'1','2',2,'2012-11-12 22:47:34','2012-11-12 22:47:34',0),(713,'1','2',12,'2012-11-12 22:47:34','2012-11-12 22:47:34',0),(714,'1','2',23,'2012-11-12 22:47:34','2012-11-12 22:47:34',0),(715,'1','2',42,'2012-11-12 22:47:34','2012-11-12 22:47:34',0),(716,'1','2',15,'2012-11-12 22:47:34','2012-11-12 22:47:34',0),(717,'1','2',66,'2012-11-12 22:47:34','2012-11-12 22:47:34',0),(718,'1','2',69,'2012-11-12 22:47:34','2012-11-12 22:47:34',0),(719,'1','2',16,'2012-11-12 22:47:34','2012-11-12 22:47:34',0),(720,'1','2',17,'2012-11-12 22:47:34','2012-11-12 22:47:34',0),(721,'1','2',43,'2012-11-12 22:47:34','2012-11-12 22:47:34',0),(722,'1','2',44,'2012-11-12 22:47:34','2012-11-12 22:47:34',0),(723,'1','2',45,'2012-11-12 22:47:34','2012-11-12 22:47:34',0),(724,'1','2',46,'2012-11-12 22:47:34','2012-11-12 22:47:34',0),(725,'1','2',47,'2012-11-12 22:47:34','2012-11-12 22:47:34',0),(726,'1','2',54,'2012-11-12 22:47:34','2012-11-12 22:47:34',0),(727,'1','2',56,'2012-11-12 22:47:34','2012-11-12 22:47:34',0),(728,'1','2',57,'2012-11-12 22:47:34','2012-11-12 22:47:34',0),(729,'1','2',58,'2012-11-12 22:47:34','2012-11-12 22:47:34',0),(730,'1','2',59,'2012-11-12 22:47:34','2012-11-12 22:47:34',0),(731,'1','2',60,'2012-11-12 22:47:34','2012-11-12 22:47:34',0),(732,'1','2',61,'2012-11-12 22:47:34','2012-11-12 22:47:34',0),(733,'1','3',2,'2012-11-12 22:48:07','2012-11-12 22:48:07',0),(734,'1','3',12,'2012-11-12 22:48:07','2012-11-12 22:48:07',0),(735,'1','3',23,'2012-11-12 22:48:07','2012-11-12 22:48:07',0),(736,'1','3',15,'2012-11-12 22:48:07','2012-11-12 22:48:07',0),(737,'1','3',69,'2012-11-12 22:48:07','2012-11-12 22:48:07',0),(738,'1','3',16,'2012-11-12 22:48:07','2012-11-12 22:48:07',0),(739,'1','3',43,'2012-11-12 22:48:07','2012-11-12 22:48:07',0),(740,'1','3',44,'2012-11-12 22:48:07','2012-11-12 22:48:07',0),(741,'1','3',45,'2012-11-12 22:48:07','2012-11-12 22:48:07',0),(742,'1','3',46,'2012-11-12 22:48:07','2012-11-12 22:48:07',0),(743,'1','3',47,'2012-11-12 22:48:07','2012-11-12 22:48:07',0),(744,'1','3',51,'2012-11-12 22:48:07','2012-11-12 22:48:07',0),(745,'1','3',52,'2012-11-12 22:48:07','2012-11-12 22:48:07',0),(746,'1','3',53,'2012-11-12 22:48:07','2012-11-12 22:48:07',0),(747,'1','3',54,'2012-11-12 22:48:07','2012-11-12 22:48:07',0),(748,'1','3',56,'2012-11-12 22:48:07','2012-11-12 22:48:07',0),(749,'1','3',57,'2012-11-12 22:48:07','2012-11-12 22:48:07',0),(750,'1','3',58,'2012-11-12 22:48:07','2012-11-12 22:48:07',0),(751,'1','3',2,'2012-11-12 22:48:14','2012-11-12 22:48:14',0),(752,'1','3',12,'2012-11-12 22:48:14','2012-11-12 22:48:14',0),(753,'1','3',23,'2012-11-12 22:48:14','2012-11-12 22:48:14',0),(754,'1','3',15,'2012-11-12 22:48:14','2012-11-12 22:48:14',0),(755,'1','3',69,'2012-11-12 22:48:14','2012-11-12 22:48:14',0),(756,'1','3',16,'2012-11-12 22:48:14','2012-11-12 22:48:14',0),(757,'1','3',43,'2012-11-12 22:48:14','2012-11-12 22:48:14',0),(758,'1','3',44,'2012-11-12 22:48:14','2012-11-12 22:48:14',0),(759,'1','3',45,'2012-11-12 22:48:14','2012-11-12 22:48:14',0),(760,'1','3',46,'2012-11-12 22:48:14','2012-11-12 22:48:14',0),(761,'1','3',47,'2012-11-12 22:48:14','2012-11-12 22:48:14',0),(762,'1','3',51,'2012-11-12 22:48:14','2012-11-12 22:48:14',0),(763,'1','3',52,'2012-11-12 22:48:14','2012-11-12 22:48:14',0),(764,'1','3',53,'2012-11-12 22:48:14','2012-11-12 22:48:14',0),(765,'1','3',54,'2012-11-12 22:48:14','2012-11-12 22:48:14',0),(766,'1','3',56,'2012-11-12 22:48:14','2012-11-12 22:48:14',0),(767,'1','3',57,'2012-11-12 22:48:14','2012-11-12 22:48:14',0),(768,'1','3',58,'2012-11-12 22:48:14','2012-11-12 22:48:14',0),(769,'1','3',59,'2012-11-12 22:48:14','2012-11-12 22:48:14',0),(770,'1','3',60,'2012-11-12 22:48:14','2012-11-12 22:48:14',0),(771,'1','3',61,'2012-11-12 22:48:14','2012-11-12 22:48:14',0),(1097,'1','1',4,'2015-03-08 11:34:19','2015-03-08 11:34:19',1),(1098,'1','1',5,'2015-03-08 11:34:19','2015-03-08 11:34:19',1),(1421,'1','2',2,'2015-05-01 22:46:11','2015-05-01 22:46:11',0),(1422,'1','2',12,'2015-05-01 22:46:11','2015-05-01 22:46:11',0),(1423,'1','2',23,'2015-05-01 22:46:11','2015-05-01 22:46:11',0),(1424,'1','2',42,'2015-05-01 22:46:11','2015-05-01 22:46:11',0),(1425,'1','2',15,'2015-05-01 22:46:11','2015-05-01 22:46:11',0),(1426,'1','2',48,'2015-05-01 22:46:11','2015-05-01 22:46:11',0),(1427,'1','2',66,'2015-05-01 22:46:11','2015-05-01 22:46:11',0),(1428,'1','2',68,'2015-05-01 22:46:11','2015-05-01 22:46:11',0),(1429,'1','2',69,'2015-05-01 22:46:11','2015-05-01 22:46:11',0),(1430,'1','2',16,'2015-05-01 22:46:11','2015-05-01 22:46:11',0),(1431,'1','2',17,'2015-05-01 22:46:12','2015-05-01 22:46:12',0),(1432,'1','2',43,'2015-05-01 22:46:12','2015-05-01 22:46:12',0),(1433,'1','2',44,'2015-05-01 22:46:12','2015-05-01 22:46:12',0),(1434,'1','2',45,'2015-05-01 22:46:12','2015-05-01 22:46:12',0),(1435,'1','2',46,'2015-05-01 22:46:12','2015-05-01 22:46:12',0),(1436,'1','2',47,'2015-05-01 22:46:12','2015-05-01 22:46:12',0),(1437,'1','2',54,'2015-05-01 22:46:12','2015-05-01 22:46:12',0),(1438,'1','2',56,'2015-05-01 22:46:12','2015-05-01 22:46:12',0),(1439,'1','2',57,'2015-05-01 22:46:12','2015-05-01 22:46:12',0),(1440,'1','2',58,'2015-05-01 22:46:12','2015-05-01 22:46:12',0),(1441,'1','2',59,'2015-05-01 22:46:12','2015-05-01 22:46:12',0),(1442,'1','2',60,'2015-05-01 22:46:12','2015-05-01 22:46:12',0),(1443,'1','2',61,'2015-05-01 22:46:12','2015-05-01 22:46:12',0),(1444,'1','3',79,'2015-05-01 22:50:48','2015-05-01 22:50:48',0),(1445,'1','3',2,'2015-05-01 22:50:48','2015-05-01 22:50:48',0),(1446,'1','3',12,'2015-05-01 22:50:48','2015-05-01 22:50:48',0),(1447,'1','3',23,'2015-05-01 22:50:48','2015-05-01 22:50:48',0),(1448,'1','3',15,'2015-05-01 22:50:48','2015-05-01 22:50:48',0),(1449,'1','3',66,'2015-05-01 22:50:49','2015-05-01 22:50:49',0),(1450,'1','3',69,'2015-05-01 22:50:49','2015-05-01 22:50:49',0),(1451,'1','3',16,'2015-05-01 22:50:49','2015-05-01 22:50:49',0),(1452,'1','3',17,'2015-05-01 22:50:49','2015-05-01 22:50:49',0),(1453,'1','3',18,'2015-05-01 22:50:49','2015-05-01 22:50:49',0),(1454,'1','3',43,'2015-05-01 22:50:49','2015-05-01 22:50:49',0),(1455,'1','3',44,'2015-05-01 22:50:49','2015-05-01 22:50:49',0),(1456,'1','3',45,'2015-05-01 22:50:49','2015-05-01 22:50:49',0),(1457,'1','3',46,'2015-05-01 22:50:49','2015-05-01 22:50:49',0),(1458,'1','3',47,'2015-05-01 22:50:49','2015-05-01 22:50:49',0),(1459,'1','3',51,'2015-05-01 22:50:49','2015-05-01 22:50:49',0),(1460,'1','3',52,'2015-05-01 22:50:49','2015-05-01 22:50:49',0),(1461,'1','3',53,'2015-05-01 22:50:49','2015-05-01 22:50:49',0),(1462,'1','3',54,'2015-05-01 22:50:49','2015-05-01 22:50:49',0),(1463,'1','3',56,'2015-05-01 22:50:49','2015-05-01 22:50:49',0),(1464,'1','3',57,'2015-05-01 22:50:49','2015-05-01 22:50:49',0),(1465,'1','3',58,'2015-05-01 22:50:49','2015-05-01 22:50:49',0),(1466,'1','3',59,'2015-05-01 22:50:49','2015-05-01 22:50:49',0),(1467,'1','3',60,'2015-05-01 22:50:49','2015-05-01 22:50:49',0),(1468,'1','3',61,'2015-05-01 22:50:49','2015-05-01 22:50:49',0),(1811,'1','4',2,'2015-05-02 12:06:09','2015-05-02 12:06:09',0),(1812,'1','4',12,'2015-05-02 12:06:09','2015-05-02 12:06:09',0),(1813,'1','4',23,'2015-05-02 12:06:09','2015-05-02 12:06:09',0),(1814,'1','4',15,'2015-05-02 12:06:09','2015-05-02 12:06:09',0),(1815,'1','4',48,'2015-05-02 12:06:09','2015-05-02 12:06:09',0),(1816,'1','4',68,'2015-05-02 12:06:09','2015-05-02 12:06:09',0),(1817,'1','4',16,'2015-05-02 12:06:09','2015-05-02 12:06:09',0),(1818,'1','4',43,'2015-05-02 12:06:09','2015-05-02 12:06:09',0),(1819,'1','4',81,'2015-05-02 12:06:09','2015-05-02 12:06:09',0),(1820,'1','4',44,'2015-05-02 12:06:09','2015-05-02 12:06:09',0),(1821,'1','4',45,'2015-05-02 12:06:09','2015-05-02 12:06:09',0),(1822,'1','4',46,'2015-05-02 12:06:09','2015-05-02 12:06:09',0),(1823,'1','4',47,'2015-05-02 12:06:09','2015-05-02 12:06:09',0),(1824,'1','4',51,'2015-05-02 12:06:09','2015-05-02 12:06:09',0),(1825,'1','4',52,'2015-05-02 12:06:09','2015-05-02 12:06:09',0),(1826,'1','4',53,'2015-05-02 12:06:09','2015-05-02 12:06:09',0),(1827,'1','4',71,'2015-05-02 12:06:09','2015-05-02 12:06:09',0),(1828,'1','4',54,'2015-05-02 12:06:09','2015-05-02 12:06:09',0),(1829,'1','4',56,'2015-05-02 12:06:09','2015-05-02 12:06:09',0),(1830,'1','4',57,'2015-05-02 12:06:09','2015-05-02 12:06:09',0),(1831,'1','4',58,'2015-05-02 12:06:09','2015-05-02 12:06:09',0),(1832,'1','4',62,'2015-05-02 12:06:09','2015-05-02 12:06:09',0),(1833,'1','4',63,'2015-05-02 12:06:09','2015-05-02 12:06:09',0),(1834,'1','4',64,'2015-05-02 12:06:09','2015-05-02 12:06:09',0),(1835,'1','4',65,'2015-05-02 12:06:09','2015-05-02 12:06:09',0),(1884,'1','6',79,'2015-05-02 13:01:03','2015-05-02 13:01:03',0),(1885,'1','6',2,'2015-05-02 13:01:03','2015-05-02 13:01:03',0),(1886,'1','6',23,'2015-05-02 13:01:03','2015-05-02 13:01:03',0),(1887,'1','6',15,'2015-05-02 13:01:03','2015-05-02 13:01:03',0),(1888,'1','6',68,'2015-05-02 13:01:03','2015-05-02 13:01:03',0),(1889,'1','6',80,'2015-05-02 13:01:03','2015-05-02 13:01:03',0),(1890,'1','6',44,'2015-05-02 13:01:03','2015-05-02 13:01:03',0),(1891,'1','6',45,'2015-05-02 13:01:03','2015-05-02 13:01:03',0),(1892,'1','6',46,'2015-05-02 13:01:03','2015-05-02 13:01:03',0),(1893,'1','6',47,'2015-05-02 13:01:03','2015-05-02 13:01:03',0),(1894,'1','6',54,'2015-05-02 13:01:03','2015-05-02 13:01:03',0),(1895,'1','6',56,'2015-05-02 13:01:03','2015-05-02 13:01:03',0),(1896,'1','6',57,'2015-05-02 13:01:03','2015-05-02 13:01:03',0),(1897,'1','6',58,'2015-05-02 13:01:03','2015-05-02 13:01:03',0),(1898,'1','6',62,'2015-05-02 13:01:03','2015-05-02 13:01:03',0),(1899,'1','6',63,'2015-05-02 13:01:03','2015-05-02 13:01:03',0),(1900,'1','6',64,'2015-05-02 13:01:03','2015-05-02 13:01:03',0),(1901,'1','1',1,'2015-06-30 16:37:48','2015-06-30 16:37:48',0),(1902,'1','1',6,'2015-06-30 16:37:48','2015-06-30 16:37:48',0),(1903,'1','1',10,'2015-06-30 16:37:48','2015-06-30 16:37:48',0),(1904,'1','1',37,'2015-06-30 16:37:48','2015-06-30 16:37:48',0),(1905,'1','1',38,'2015-06-30 16:37:48','2015-06-30 16:37:48',0),(1906,'1','1',39,'2015-06-30 16:37:48','2015-06-30 16:37:48',0),(1907,'1','1',74,'2015-06-30 16:37:48','2015-06-30 16:37:48',0),(1908,'1','1',76,'2015-06-30 16:37:48','2015-06-30 16:37:48',0),(1909,'1','1',79,'2015-06-30 16:37:48','2015-06-30 16:37:48',0),(1910,'1','1',2,'2015-06-30 16:37:48','2015-06-30 16:37:48',0),(1911,'1','1',12,'2015-06-30 16:37:48','2015-06-30 16:37:48',0),(1912,'1','1',23,'2015-06-30 16:37:48','2015-06-30 16:37:48',0),(1913,'1','1',75,'2015-06-30 16:37:48','2015-06-30 16:37:48',0),(1914,'1','1',15,'2015-06-30 16:37:48','2015-06-30 16:37:48',0),(1915,'1','1',48,'2015-06-30 16:37:48','2015-06-30 16:37:48',0),(1916,'1','1',66,'2015-06-30 16:37:48','2015-06-30 16:37:48',0),(1917,'1','1',68,'2015-06-30 16:37:48','2015-06-30 16:37:48',0),(1918,'1','1',69,'2015-06-30 16:37:48','2015-06-30 16:37:48',0),(1919,'1','1',77,'2015-06-30 16:37:48','2015-06-30 16:37:48',0),(1920,'1','1',80,'2015-06-30 16:37:48','2015-06-30 16:37:48',0),(1921,'1','1',16,'2015-06-30 16:37:48','2015-06-30 16:37:48',0),(1922,'1','1',17,'2015-06-30 16:37:48','2015-06-30 16:37:48',0),(1923,'1','1',18,'2015-06-30 16:37:48','2015-06-30 16:37:48',0),(1924,'1','1',42,'2015-06-30 16:37:48','2015-06-30 16:37:48',0),(1925,'1','1',43,'2015-06-30 16:37:48','2015-06-30 16:37:48',0),(1926,'1','1',81,'2015-06-30 16:37:48','2015-06-30 16:37:48',0),(1927,'1','1',44,'2015-06-30 16:37:48','2015-06-30 16:37:48',0),(1928,'1','1',45,'2015-06-30 16:37:48','2015-06-30 16:37:48',0),(1929,'1','1',46,'2015-06-30 16:37:48','2015-06-30 16:37:48',0),(1930,'1','1',47,'2015-06-30 16:37:48','2015-06-30 16:37:48',0),(1931,'1','1',51,'2015-06-30 16:37:48','2015-06-30 16:37:48',0),(1932,'1','1',52,'2015-06-30 16:37:48','2015-06-30 16:37:48',0),(1933,'1','1',53,'2015-06-30 16:37:48','2015-06-30 16:37:48',0),(1934,'1','1',71,'2015-06-30 16:37:48','2015-06-30 16:37:48',0),(1935,'1','1',54,'2015-06-30 16:37:48','2015-06-30 16:37:48',0),(1936,'1','1',55,'2015-06-30 16:37:48','2015-06-30 16:37:48',0),(1937,'1','1',56,'2015-06-30 16:37:48','2015-06-30 16:37:48',0),(1938,'1','1',57,'2015-06-30 16:37:48','2015-06-30 16:37:48',0),(1939,'1','1',58,'2015-06-30 16:37:48','2015-06-30 16:37:48',0),(1940,'1','1',59,'2015-06-30 16:37:48','2015-06-30 16:37:48',0),(1941,'1','1',60,'2015-06-30 16:37:48','2015-06-30 16:37:48',0),(1942,'1','1',61,'2015-06-30 16:37:48','2015-06-30 16:37:48',0),(1943,'1','1',73,'2015-06-30 16:37:48','2015-06-30 16:37:48',0),(1944,'1','1',62,'2015-06-30 16:37:48','2015-06-30 16:37:48',0),(1945,'1','1',63,'2015-06-30 16:37:48','2015-06-30 16:37:48',0),(1946,'1','1',64,'2015-06-30 16:37:48','2015-06-30 16:37:48',0),(1947,'1','1',65,'2015-06-30 16:37:48','2015-06-30 16:37:48',0),(1948,'1','1',78,'2015-06-30 16:37:48','2015-06-30 16:37:48',0),(1980,'1','5',79,'2015-06-30 16:56:59','2015-06-30 16:56:59',0),(1981,'1','5',2,'2015-06-30 16:56:59','2015-06-30 16:56:59',0),(1982,'1','5',12,'2015-06-30 16:56:59','2015-06-30 16:56:59',0),(1983,'1','5',23,'2015-06-30 16:56:59','2015-06-30 16:56:59',0),(1984,'1','5',15,'2015-06-30 16:56:59','2015-06-30 16:56:59',0),(1985,'1','5',48,'2015-06-30 16:56:59','2015-06-30 16:56:59',0),(1986,'1','5',66,'2015-06-30 16:56:59','2015-06-30 16:56:59',0),(1987,'1','5',68,'2015-06-30 16:56:59','2015-06-30 16:56:59',0),(1988,'1','5',69,'2015-06-30 16:56:59','2015-06-30 16:56:59',0),(1989,'1','5',77,'2015-06-30 16:56:59','2015-06-30 16:56:59',0),(1990,'1','5',82,'2015-06-30 16:56:59','2015-06-30 16:56:59',0),(1991,'1','5',16,'2015-06-30 16:56:59','2015-06-30 16:56:59',0),(1992,'1','5',17,'2015-06-30 16:56:59','2015-06-30 16:56:59',0),(1993,'1','5',18,'2015-06-30 16:56:59','2015-06-30 16:56:59',0),(1994,'1','5',42,'2015-06-30 16:56:59','2015-06-30 16:56:59',0),(1995,'1','5',43,'2015-06-30 16:56:59','2015-06-30 16:56:59',0),(1996,'1','5',81,'2015-06-30 16:56:59','2015-06-30 16:56:59',0),(1997,'1','5',44,'2015-06-30 16:56:59','2015-06-30 16:56:59',0),(1998,'1','5',45,'2015-06-30 16:56:59','2015-06-30 16:56:59',0),(1999,'1','5',46,'2015-06-30 16:56:59','2015-06-30 16:56:59',0),(2000,'1','5',47,'2015-06-30 16:56:59','2015-06-30 16:56:59',0),(2001,'1','5',51,'2015-06-30 16:56:59','2015-06-30 16:56:59',0),(2002,'1','5',52,'2015-06-30 16:56:59','2015-06-30 16:56:59',0),(2003,'1','5',53,'2015-06-30 16:56:59','2015-06-30 16:56:59',0),(2004,'1','5',71,'2015-06-30 16:56:59','2015-06-30 16:56:59',0),(2005,'1','5',54,'2015-06-30 16:56:59','2015-06-30 16:56:59',0),(2006,'1','5',56,'2015-06-30 16:56:59','2015-06-30 16:56:59',0),(2007,'1','5',57,'2015-06-30 16:56:59','2015-06-30 16:56:59',0),(2008,'1','5',58,'2015-06-30 16:56:59','2015-06-30 16:56:59',0),(2009,'1','5',62,'2015-06-30 16:56:59','2015-06-30 16:56:59',0),(2010,'1','5',63,'2015-06-30 16:56:59','2015-06-30 16:56:59',0),(2011,'1','5',64,'2015-06-30 16:56:59','2015-06-30 16:56:59',0),(2012,'1','5',65,'2015-06-30 16:56:59','2015-06-30 16:56:59',0);

/*Table structure for table `sys_role` */

DROP TABLE IF EXISTS `sys_role`;

CREATE TABLE `sys_role` (
  `id` int(10) NOT NULL AUTO_INCREMENT,
  `name` varchar(50) NOT NULL,
  `iseff` char(1) NOT NULL DEFAULT '0',
  `create_time` timestamp NOT NULL DEFAULT CURRENT_TIMESTAMP,
  `last_update` timestamp NOT NULL DEFAULT '0000-00-00 00:00:00',
  PRIMARY KEY (`id`)
) ENGINE=InnoDB AUTO_INCREMENT=7 DEFAULT CHARSET=utf8;

/*Data for the table `sys_role` */

insert  into `sys_role`(`id`,`name`,`iseff`,`create_time`,`last_update`) values (1,'超级管理员','0','2012-04-10 22:35:50','2012-04-10 22:35:50'),(2,'销售','0','2012-04-24 22:06:08','2012-04-24 22:06:09'),(3,'销售主管','0','2012-06-20 00:03:32','2012-06-20 00:03:32'),(4,'教务部主管','0','2012-04-24 22:06:09','2012-04-24 22:06:09'),(5,'班主任','0','2012-04-24 22:06:09','2012-04-24 22:06:09'),(6,'授课老师','0','2012-04-24 22:06:09','2012-04-24 22:06:09');

/*Table structure for table `sys_user` */

DROP TABLE IF EXISTS `sys_user`;

CREATE TABLE `sys_user` (
  `id` int(10) NOT NULL AUTO_INCREMENT,
  `user_name` varchar(50) NOT NULL,
  `dep_id` int(10) unsigned DEFAULT NULL,
  `password` varchar(50) NOT NULL,
  `sex` char(1) DEFAULT NULL,
  `position` varchar(10) DEFAULT NULL,
  `phone` varchar(100) DEFAULT NULL,
  `addr` varchar(200) DEFAULT NULL,
  `zipcode` varchar(10) DEFAULT NULL,
  `iseff` char(1) DEFAULT '0',
  `create_time` timestamp NOT NULL DEFAULT CURRENT_TIMESTAMP ON UPDATE CURRENT_TIMESTAMP,
  `last_update` timestamp NOT NULL DEFAULT '0000-00-00 00:00:00',
  `role_id` int(10) unsigned DEFAULT NULL,
  `email` varchar(100) DEFAULT NULL,
  `area_id` int(11) NOT NULL COMMENT '区域id',
  `qq` varchar(100) DEFAULT NULL COMMENT 'qq',
  PRIMARY KEY (`id`)
) ENGINE=InnoDB AUTO_INCREMENT=33 DEFAULT CHARSET=utf8;

/*Data for the table `sys_user` */

insert  into `sys_user`(`id`,`user_name`,`dep_id`,`password`,`sex`,`position`,`phone`,`addr`,`zipcode`,`iseff`,`create_time`,`last_update`,`role_id`,`email`,`area_id`,`qq`) values (5,'销售主管一号',2,'1','0',NULL,'212112','111','55','0','2015-03-08 22:34:47','2015-04-30 22:25:46',3,NULL,5,NULL),(7,'销售主管二号',2,'1','1',NULL,'13826031714','guangzhou','33','0','2015-03-08 22:34:47','2012-08-16 22:41:26',3,NULL,4,NULL),(10,'销售一号',2,'1','0',NULL,'212112','111','1@ye.com','0','2015-03-08 22:34:47','2015-04-30 22:18:56',2,NULL,5,NULL),(13,'销售二号',2,'1','1',NULL,'1','1','1','0','2015-03-08 22:34:47','2012-08-16 22:39:24',2,NULL,4,NULL),(14,'教务部主管一号',1,'1','1',NULL,'1','1','31','0','2015-03-08 22:34:47','2015-04-30 22:25:58',4,NULL,5,NULL),(15,'教务部主管二号',1,'1','0',NULL,'1','1','5135','0','2015-03-08 22:34:47','2012-08-16 22:40:54',4,NULL,4,NULL),(16,'班主任一号',1,'1','0',NULL,'11','11','11','0','2015-03-08 22:34:47','2015-06-30 16:50:51',5,NULL,4,NULL),(17,'班主任二号',1,'1','1',NULL,'1','11','1','0','2015-03-08 22:34:47','2012-08-16 22:42:09',5,NULL,4,NULL),(18,'国产007',1,'1','0',NULL,'22','111','22','0','2015-04-24 21:56:53','2015-04-24 21:56:41',1,NULL,4,NULL),(27,'test111',NULL,'111',NULL,NULL,NULL,NULL,NULL,NULL,'2015-05-01 23:28:47','2015-05-01 23:28:47',NULL,NULL,1,NULL),(28,'test111',NULL,'111',NULL,NULL,NULL,NULL,NULL,NULL,'2015-05-01 23:30:10','2015-05-01 23:30:10',NULL,NULL,1,NULL),(29,'林老师',1,'111111','0',NULL,'1','1',NULL,NULL,'2015-05-03 22:40:47','2015-05-03 22:40:47',6,NULL,4,NULL),(30,'黄老师',1,'111111','1',NULL,'2','1',NULL,NULL,'2015-05-03 22:41:16','2015-05-03 22:41:16',6,NULL,4,NULL),(31,'文老师',1,'111111','0',NULL,'321321','123123',NULL,NULL,'2015-06-11 07:04:10','2015-06-11 07:04:10',6,NULL,4,NULL),(32,'田老师',1,'111111','1',NULL,'123456789','123',NULL,'0','2015-06-11 07:05:30','2015-06-11 07:05:30',6,NULL,4,NULL);

/*Table structure for table `teacher_ability` */

DROP TABLE IF EXISTS `teacher_ability`;

CREATE TABLE `teacher_ability` (
  `id` int(10) NOT NULL AUTO_INCREMENT,
  `user_id` int(50) NOT NULL,
  `course_type` varchar(50) NOT NULL COMMENT '课程类型 对应system_param的order_course',
  `create_time` timestamp NOT NULL DEFAULT CURRENT_TIMESTAMP ON UPDATE CURRENT_TIMESTAMP,
  `grade_type` varchar(45) NOT NULL DEFAULT '' COMMENT '可教学的年级',
  `teacher_type` char(1) NOT NULL DEFAULT '0' COMMENT '0:正式 1:兼职',
  PRIMARY KEY (`id`)
) ENGINE=InnoDB AUTO_INCREMENT=5 DEFAULT CHARSET=utf8;

/*Data for the table `teacher_ability` */

insert  into `teacher_ability`(`id`,`user_id`,`course_type`,`create_time`,`grade_type`,`teacher_type`) values (1,29,'2,6','2015-05-03 22:40:47','1,5,6,10','0'),(2,30,'1,5,9','2015-05-03 22:41:16','1,5','1'),(3,31,'3','2015-06-11 07:04:10','9,10,7,11,8','0'),(4,32,'5,4','2015-06-11 07:05:30','9,10,7,11,8,12','0');

/*Table structure for table `course_schedule_view` */

DROP TABLE IF EXISTS `course_schedule_view`;

/*!50001 DROP VIEW IF EXISTS `course_schedule_view` */;
/*!50001 DROP TABLE IF EXISTS `course_schedule_view` */;

/*!50001 CREATE TABLE  `course_schedule_view`(
 `id` int(10) ,
 `teacher_id` int(10) unsigned ,
 `student_id` int(10) unsigned ,
 `course_type` char(2) ,
 `date` date ,
 `start_time` int(4) ,
 `end_time` int(4) ,
 `iseff` char(1) ,
 `create_time` timestamp ,
 `last_update` timestamp ,
 `course_name` varchar(50) ,
 `student_name` varchar(50) ,
 `teacher_name` varchar(50) ,
 `is_finish` int(1) 
)*/;

/*Table structure for table `customer_exchange_view` */

DROP TABLE IF EXISTS `customer_exchange_view`;

/*!50001 DROP VIEW IF EXISTS `customer_exchange_view` */;
/*!50001 DROP TABLE IF EXISTS `customer_exchange_view` */;

/*!50001 CREATE TABLE  `customer_exchange_view`(
 `id` int(10) ,
 `customer_id` int(10) ,
 `cust_status` char(1) ,
 `source_type` char(1) ,
 `is_book` char(1) ,
 `user_id` int(10) ,
 `content` varchar(1000) ,
 `customer_attach_id` varchar(1000) ,
 `create_time` timestamp ,
 `last_update` timestamp ,
 `book_time` timestamp ,
 `name` varchar(50) ,
 `sex` char(1) ,
 `school` varchar(200) ,
 `classes` varchar(50) ,
 `brithday` varchar(10) ,
 `age` varchar(3) ,
 `student_type` varchar(1) ,
 `resident_type` varchar(1) ,
 `parent_name` varchar(20) ,
 `phone` varchar(50) ,
 `addr` varchar(200) 
)*/;

/*Table structure for table `order_course_view` */

DROP TABLE IF EXISTS `order_course_view`;

/*!50001 DROP VIEW IF EXISTS `order_course_view` */;
/*!50001 DROP TABLE IF EXISTS `order_course_view` */;

/*!50001 CREATE TABLE  `order_course_view`(
 `id` int(10) ,
 `order_id` int(10) unsigned ,
 `course_type` char(2) ,
 `charger_id` int(10) unsigned ,
 `status` char(1) ,
 `order_attach_id` int(10) unsigned ,
 `hour` int(10) unsigned ,
 `cost_hour` int(10) ,
 `schedule_hour` int(10) ,
 `create_time` timestamp ,
 `last_update` timestamp ,
 `student_id` int(10) unsigned ,
 `course_name` varchar(50) ,
 `charger_name` varchar(50) ,
 `student_name` varchar(50) ,
 `order_run_status` char(1) 
)*/;

/*Table structure for table `order_info_daily` */

DROP TABLE IF EXISTS `order_info_daily`;

/*!50001 DROP VIEW IF EXISTS `order_info_daily` */;
/*!50001 DROP TABLE IF EXISTS `order_info_daily` */;

/*!50001 CREATE TABLE  `order_info_daily`(
 `create_date` varchar(10) ,
 `total` bigint(21) 
)*/;

/*Table structure for table `order_info_monthly` */

DROP TABLE IF EXISTS `order_info_monthly`;

/*!50001 DROP VIEW IF EXISTS `order_info_monthly` */;
/*!50001 DROP TABLE IF EXISTS `order_info_monthly` */;

/*!50001 CREATE TABLE  `order_info_monthly`(
 `month` varchar(7) ,
 `total` bigint(21) 
)*/;

/*Table structure for table `order_info_view` */

DROP TABLE IF EXISTS `order_info_view`;

/*!50001 DROP VIEW IF EXISTS `order_info_view` */;
/*!50001 DROP TABLE IF EXISTS `order_info_view` */;

/*!50001 CREATE TABLE  `order_info_view`(
 `id` int(10) unsigned ,
 `order_no` varchar(100) ,
 `student_id` int(10) unsigned ,
 `fee` bigint(20) unsigned ,
 `order_type` char(2) ,
 `status` char(20) ,
 `des` varchar(250) ,
 `flow_ins_id` varchar(20) ,
 `start_time` timestamp ,
 `end_time` timestamp ,
 `grade` varchar(10) ,
 `course_hour` int(10) unsigned ,
 `adjust_hour` int(10) unsigned ,
 `cost_course_hour` int(10) unsigned ,
 `schedule_hour` int(10) ,
 `run_status` char(1) ,
 `parent_order_id` int(10) unsigned ,
 `cur_operator` int(10) unsigned ,
 `is_last` char(1) ,
 `iseff` char(1) ,
 `create_time` timestamp ,
 `last_update` timestamp ,
 `area_id` int(11) ,
 `student_name` varchar(50) ,
 `student_age` varchar(3) 
)*/;

/*Table structure for table `teacher_info` */

DROP TABLE IF EXISTS `teacher_info`;

/*!50001 DROP VIEW IF EXISTS `teacher_info` */;
/*!50001 DROP TABLE IF EXISTS `teacher_info` */;

/*!50001 CREATE TABLE  `teacher_info`(
 `id` int(10) ,
 `user_name` varchar(50) ,
 `dep_id` int(10) unsigned ,
 `area_id` int(11) ,
 `password` varchar(50) ,
 `sex` char(1) ,
 `position` varchar(10) ,
 `phone` varchar(100) ,
 `addr` varchar(200) ,
 `zipcode` varchar(10) ,
 `iseff` char(1) ,
 `create_time` timestamp ,
 `last_update` timestamp ,
 `role_id` int(10) unsigned ,
 `email` varchar(100) ,
 `course_type` varchar(50) ,
 `grade_type` varchar(45) ,
 `teacher_type` char(1) 
)*/;

/*Table structure for table `teacher_ref_student` */

DROP TABLE IF EXISTS `teacher_ref_student`;

/*!50001 DROP VIEW IF EXISTS `teacher_ref_student` */;
/*!50001 DROP TABLE IF EXISTS `teacher_ref_student` */;

/*!50001 CREATE TABLE  `teacher_ref_student`(
 `id` bigint(10) unsigned ,
 `order_id` int(10) unsigned ,
 `teacher_id` int(10) unsigned ,
 `student_id` int(10) unsigned ,
 `course_type` char(2) ,
 `run_status` char(1) ,
 `name` varchar(50) ,
 `grade` varchar(10) ,
 `sex` char(1) ,
 `age` varchar(3) ,
 `area_id` int(11) 
)*/;

/*View structure for view course_schedule_view */

/*!50001 DROP TABLE IF EXISTS `course_schedule_view` */;
/*!50001 DROP VIEW IF EXISTS `course_schedule_view` */;

/*!50001 CREATE ALGORITHM=UNDEFINED DEFINER=`root`@`localhost` SQL SECURITY DEFINER VIEW `course_schedule_view` AS select `c`.`id` AS `id`,`c`.`teacher_id` AS `teacher_id`,`c`.`student_id` AS `student_id`,`c`.`course_type` AS `course_type`,`c`.`date` AS `date`,`c`.`start_time` AS `start_time`,`c`.`end_time` AS `end_time`,`c`.`iseff` AS `iseff`,`c`.`create_time` AS `create_time`,`c`.`last_update` AS `last_update`,`p`.`param_name` AS `course_name`,`s`.`name` AS `student_name`,`t`.`user_name` AS `teacher_name`,`c`.`is_finish` AS `is_finish` from (((`course_schedule_detail` `c` join `sys_param` `p`) join `student_info` `s`) join `teacher_info` `t`) where ((`p`.`root_code` = 'ORDER_COURSE') and (`p`.`param_value` = `c`.`course_type`) and (`s`.`id` = `c`.`student_id`) and (`t`.`id` = `c`.`teacher_id`)) */;

/*View structure for view customer_exchange_view */

/*!50001 DROP TABLE IF EXISTS `customer_exchange_view` */;
/*!50001 DROP VIEW IF EXISTS `customer_exchange_view` */;

/*!50001 CREATE ALGORITHM=UNDEFINED DEFINER=`root`@`localhost` SQL SECURITY DEFINER VIEW `customer_exchange_view` AS select `c`.`id` AS `id`,`c`.`customer_id` AS `customer_id`,`c`.`cust_status` AS `cust_status`,`c`.`source_type` AS `source_type`,`c`.`is_book` AS `is_book`,`c`.`user_id` AS `user_id`,`c`.`content` AS `content`,`c`.`customer_attach_id` AS `customer_attach_id`,`c`.`create_time` AS `create_time`,`c`.`last_update` AS `last_update`,`c`.`book_time` AS `book_time`,`i`.`name` AS `name`,`i`.`sex` AS `sex`,`i`.`school` AS `school`,`i`.`classes` AS `classes`,`i`.`brithday` AS `brithday`,`i`.`age` AS `age`,`i`.`student_type` AS `student_type`,`i`.`resident_type` AS `resident_type`,`i`.`parent_name` AS `parent_name`,`i`.`phone` AS `phone`,`i`.`addr` AS `addr` from (`customer_exchange` `c` left join `customer_info` `i` on((`c`.`customer_id` = `i`.`id`))) */;

/*View structure for view order_course_view */

/*!50001 DROP TABLE IF EXISTS `order_course_view` */;
/*!50001 DROP VIEW IF EXISTS `order_course_view` */;

/*!50001 CREATE ALGORITHM=UNDEFINED DEFINER=`root`@`localhost` SQL SECURITY DEFINER VIEW `order_course_view` AS select `c`.`id` AS `id`,`c`.`order_id` AS `order_id`,`c`.`course_type` AS `course_type`,`c`.`charger_id` AS `charger_id`,`c`.`status` AS `status`,`c`.`order_attach_id` AS `order_attach_id`,`c`.`hour` AS `hour`,`c`.`cost_hour` AS `cost_hour`,`c`.`schedule_hour` AS `schedule_hour`,`c`.`create_time` AS `create_time`,`c`.`last_update` AS `last_update`,`o`.`student_id` AS `student_id`,`s`.`param_name` AS `course_name`,`u`.`user_name` AS `charger_name`,`d`.`name` AS `student_name`,`o`.`run_status` AS `order_run_status` from ((((`order_course` `c` join `order_info` `o` on((`c`.`order_id` = `o`.`id`))) join `sys_param` `s` on(((`s`.`root_code` = 'ORDER_COURSE') and (`s`.`param_value` = `c`.`course_type`)))) left join `sys_user` `u` on((`c`.`charger_id` = `u`.`id`))) join `student_info` `d` on((`d`.`id` = `o`.`student_id`))) */;

/*View structure for view order_info_daily */

/*!50001 DROP TABLE IF EXISTS `order_info_daily` */;
/*!50001 DROP VIEW IF EXISTS `order_info_daily` */;

/*!50001 CREATE ALGORITHM=UNDEFINED DEFINER=`root`@`localhost` SQL SECURITY DEFINER VIEW `order_info_daily` AS select date_format(`order_info`.`create_time`,'%Y-%m-%d') AS `create_date`,count(0) AS `total` from `order_info` group by date_format(`order_info`.`create_time`,'%Y-%m-%d') */;

/*View structure for view order_info_monthly */

/*!50001 DROP TABLE IF EXISTS `order_info_monthly` */;
/*!50001 DROP VIEW IF EXISTS `order_info_monthly` */;

/*!50001 CREATE ALGORITHM=UNDEFINED DEFINER=`root`@`localhost` SQL SECURITY DEFINER VIEW `order_info_monthly` AS select date_format(`order_info`.`create_time`,'%Y-%m') AS `month`,count(0) AS `total` from `order_info` group by date_format(`order_info`.`create_time`,'%Y-%m') */;

/*View structure for view order_info_view */

/*!50001 DROP TABLE IF EXISTS `order_info_view` */;
/*!50001 DROP VIEW IF EXISTS `order_info_view` */;

/*!50001 CREATE ALGORITHM=UNDEFINED DEFINER=`root`@`localhost` SQL SECURITY DEFINER VIEW `order_info_view` AS select `o`.`id` AS `id`,`o`.`order_no` AS `order_no`,`o`.`student_id` AS `student_id`,`o`.`fee` AS `fee`,`o`.`order_type` AS `order_type`,`o`.`status` AS `status`,`o`.`des` AS `des`,`o`.`flow_ins_id` AS `flow_ins_id`,`o`.`start_time` AS `start_time`,`o`.`end_time` AS `end_time`,`o`.`grade` AS `grade`,`o`.`course_hour` AS `course_hour`,`o`.`adjust_hour` AS `adjust_hour`,`o`.`cost_course_hour` AS `cost_course_hour`,`o`.`schedule_hour` AS `schedule_hour`,`o`.`run_status` AS `run_status`,`o`.`parent_order_id` AS `parent_order_id`,`o`.`cur_operator` AS `cur_operator`,`o`.`is_last` AS `is_last`,`o`.`iseff` AS `iseff`,`o`.`create_time` AS `create_time`,`o`.`last_update` AS `last_update`,`s`.`area_id` AS `area_id`,`s`.`name` AS `student_name`,`s`.`age` AS `student_age` from (`order_info` `o` join `student_info` `s` on((`o`.`student_id` = `s`.`id`))) */;

/*View structure for view teacher_info */

/*!50001 DROP TABLE IF EXISTS `teacher_info` */;
/*!50001 DROP VIEW IF EXISTS `teacher_info` */;

/*!50001 CREATE ALGORITHM=UNDEFINED DEFINER=`root`@`localhost` SQL SECURITY DEFINER VIEW `teacher_info` AS select `a`.`id` AS `id`,`a`.`user_name` AS `user_name`,`a`.`dep_id` AS `dep_id`,`a`.`area_id` AS `area_id`,`a`.`password` AS `password`,`a`.`sex` AS `sex`,`a`.`position` AS `position`,`a`.`phone` AS `phone`,`a`.`addr` AS `addr`,`a`.`zipcode` AS `zipcode`,`a`.`iseff` AS `iseff`,`a`.`create_time` AS `create_time`,`a`.`last_update` AS `last_update`,`a`.`role_id` AS `role_id`,`a`.`email` AS `email`,`b`.`course_type` AS `course_type`,`b`.`grade_type` AS `grade_type`,`b`.`teacher_type` AS `teacher_type` from (`sys_user` `a` join `teacher_ability` `b`) where (`a`.`id` = `b`.`user_id`) */;

/*View structure for view teacher_ref_student */

/*!50001 DROP TABLE IF EXISTS `teacher_ref_student` */;
/*!50001 DROP VIEW IF EXISTS `teacher_ref_student` */;

/*!50001 CREATE ALGORITHM=UNDEFINED DEFINER=`root`@`localhost` SQL SECURITY DEFINER VIEW `teacher_ref_student` AS select crc32(concat(`c`.`charger_id`,`i`.`student_id`,`c`.`course_type`)) AS `id`,`i`.`id` AS `order_id`,`c`.`charger_id` AS `teacher_id`,`i`.`student_id` AS `student_id`,`c`.`course_type` AS `course_type`,`i`.`run_status` AS `run_status`,`s`.`name` AS `name`,`s`.`grade` AS `grade`,`s`.`sex` AS `sex`,`s`.`age` AS `age`,`s`.`area_id` AS `area_id` from ((`order_course` `c` left join `order_info` `i` on((`i`.`id` = `c`.`order_id`))) left join `student_info` `s` on((`i`.`student_id` = `s`.`id`))) where ((`c`.`charger_id` is not null) and (`i`.`student_id` is not null)) group by `c`.`charger_id`,`i`.`student_id`,`c`.`course_type` */;

/*!40101 SET SQL_MODE=@OLD_SQL_MODE */;
/*!40014 SET UNIQUE_CHECKS=@OLD_UNIQUE_CHECKS */;
/*!40111 SET SQL_NOTES=@OLD_SQL_NOTES */;
