/*
SQLyog v10.2 
MySQL - 5.1.30-community : Database - crmdb
*********************************************************************
*/

/*!40101 SET NAMES utf8 */;

/*!40101 SET SQL_MODE=''*/;

/*!40014 SET @OLD_UNIQUE_CHECKS=@@UNIQUE_CHECKS, UNIQUE_CHECKS=0 */;
/*!40014 SET @OLD_FOREIGN_KEY_CHECKS=@@FOREIGN_KEY_CHECKS, FOREIGN_KEY_CHECKS=0 */;
/*!40101 SET @OLD_SQL_MODE=@@SQL_MODE, SQL_MODE='NO_AUTO_VALUE_ON_ZERO' */;
/*!40111 SET @OLD_SQL_NOTES=@@SQL_NOTES, SQL_NOTES=0 */;
CREATE DATABASE /*!32312 IF NOT EXISTS*/`crmdb` /*!40100 DEFAULT CHARACTER SET utf8 */;

USE `crmdb`;

/*Data for the table `course_period` */

LOCK TABLES `course_period` WRITE;

insert  into `course_period`(`id`,`start_time`,`end_time`,`create_time`) values (1,800,900,'2015-03-15 10:36:45'),(2,900,1000,'2015-03-15 10:36:45'),(3,1000,1100,'2015-03-15 10:36:45'),(4,1100,1200,'2015-03-15 10:36:45'),(5,1400,1500,'2015-03-15 10:36:45'),(6,1500,1600,'2015-03-15 10:36:45'),(7,1600,1700,'2015-03-15 10:36:45'),(8,1700,1800,'2015-03-15 10:36:45');

UNLOCK TABLES;

/*Data for the table `flow_task` */

LOCK TABLES `flow_task` WRITE;

insert  into `flow_task`(`id`,`process_name`,`task_name`,`assign_type`,`assigner`,`create_time`,`last_update`,`busi_page_name`,`type`) values (1,'orderProcess','签约','1','1','2012-10-22 20:22:17','2012-04-29 11:25:19','/page/contract/follow/saler_confirm.jsp','0'),(2,'orderProcess','销售主管审批','1','2','2012-10-22 20:22:17','2012-04-29 11:25:19','/page/contract/follow/market_confirm.jsp','1'),(3,'orderProcess','教务部处理','1','3','2012-10-22 20:22:17','2012-04-29 11:25:19','/page/contract/follow/eduadmin_dispatch.jsp','1'),(4,'orderProcess2','待班主任确认','1','4','2015-04-06 22:31:47','2012-04-29 11:25:19','/page/contract/follow/mainteacher_confirm.jsp','1'),(5,'orderProcess','班主任处理中','1','4','2015-04-06 22:31:52','2012-04-29 11:25:19','/page/contract/follow/mainteacher_handle.jsp','1'),(6,'orderProcess','教务部审批','1','3','2012-10-22 20:22:17','2012-04-29 11:25:19','/page/contract/follow/eduadmin_confirm.jsp','1'),(7,'orderProcess','审批通过','','','2012-11-14 21:00:31','2012-04-29 11:25:19','/page/contract/follow/order_detail.jsp','2'),(8,'orderProcess','结束',NULL,NULL,'2012-10-30 21:02:16','2012-04-29 11:25:19',NULL,''),(9,'orderLastProcess','续签','1','3','2012-11-27 22:19:05','2012-07-08 09:46:02','/page/contract/last/last.jsp','0'),(10,'orderLastProcess','审批通过',NULL,'','2012-11-27 22:19:05','2012-10-29 22:01:35',NULL,'2'),(11,'orderLastProcess','结束',NULL,NULL,'2012-10-29 22:01:35','2012-10-29 22:01:35',NULL,'');

UNLOCK TABLES;

/*Data for the table `flow_task_transition` */

LOCK TABLES `flow_task_transition` WRITE;

insert  into `flow_task_transition`(`id`,`task_id`,`name`,`to`,`create_time`,`last_update`,`need_arrange`,`to_id`) values (1,1,'待审批','销售主管审批','2012-04-17 20:40:59','2012-12-01 00:00:00','1',2),(2,2,'通过','教务部处理','2012-04-17 20:40:59','2012-12-01 00:00:00','1',3),(3,2,'不通过','签约','2012-04-17 20:40:59','2012-12-01 00:00:00','0',1),(4,3,'分配任务','班主任处理中','2012-04-17 20:40:59','2012-12-01 00:00:00','1',5),(5,5,'确认','教务部审批','2012-04-17 20:40:59','2012-12-01 00:00:00','1',6),(6,5,'拒绝','教务部处理','2012-04-17 20:40:59','2012-12-01 00:00:00','0',3),(8,6,'通过','审批通过','2012-04-17 20:40:59','2012-12-01 00:00:00','0',7),(9,6,'不通过','班主任处理中','2012-04-17 20:40:59','2012-12-01 00:00:00','0',5),(10,7,'判断授课时间','结束','2012-04-17 20:40:59','2012-04-17 20:40:59','2',0),(11,9,'继单','审批通过','2012-04-17 20:40:59','2012-04-17 20:40:59','0',10),(12,10,'判断授课时间','结束','2012-04-17 20:40:59','2012-04-17 20:40:59','0',0);

UNLOCK TABLES;

/*Data for the table `sys_area` */

LOCK TABLES `sys_area` WRITE;

insert  into `sys_area`(`id`,`name`,`parentid`,`iseff`,`create_time`,`last_update`,`des`) values (4,'天河校区',0,'0','2015-03-08 11:28:11','2015-03-08 11:31:10',NULL),(5,'海珠校区',0,'0','2015-03-08 11:31:20','2015-03-08 11:31:20',NULL);

UNLOCK TABLES;

/*Data for the table `sys_department` */

LOCK TABLES `sys_department` WRITE;

insert  into `sys_department`(`id`,`name`,`des`,`parentid`,`iseff`,`create_time`,`last_update`) values (1,'教务部',NULL,0,'0','2012-08-14 22:10:09','2012-04-16 20:40:02'),(2,'销售部',NULL,0,'0','2012-08-14 22:10:10','2012-04-16 20:40:13');

UNLOCK TABLES;

/*Data for the table `sys_menu` */

LOCK TABLES `sys_menu` WRITE;

insert  into `sys_menu`(`id`,`name`,`url`,`level`,`parentid`,`iseff`,`isleaf`,`des`,`createtime`,`last_update`,`icon`,`sort`) values (1,'系统设置',NULL,'1',0,'0','0',NULL,'2012-08-10 20:58:37','2012-04-15 00:17:59',NULL,0),(2,'学生管理','','1',0,'0','0','','2012-03-19 20:52:03','2012-02-25 12:35:48','',2),(4,'登陆','/frame/main/main.jsp','1',0,'1','1',NULL,'2012-12-10 20:33:13','2012-11-28 23:26:15',NULL,NULL),(6,'权限管理','/page/system/role/role.jsp','2',1,'0','1',NULL,'2012-04-15 14:26:15','2012-04-15 14:26:15',NULL,3),(10,'系统用户','/page/system/user/user.jsp','2',1,'0','1',NULL,'2012-03-19 21:35:10','2012-03-03 01:18:21',NULL,NULL),(12,'学生信息管理','/page/student/infomrg/infomrg.jsp','2',2,'0','1',NULL,'2012-03-26 23:01:44','2012-03-06 19:47:18',NULL,NULL),(15,'教师管理',NULL,'1',0,'0','0',NULL,'2012-07-23 22:17:48','2012-04-15 00:18:32',NULL,2),(16,'签单管理',NULL,'1',0,'0','0',NULL,'2012-06-16 00:31:44','2012-04-15 00:18:17',NULL,1),(17,'新签单登记','/page/contract/register/register.jsp','2',16,'0','1',NULL,'2012-06-16 00:31:44','2012-03-06 19:47:18',NULL,NULL),(18,'签单流程管理','/page/contract/mrg/info.jsp','2',16,'0','1',NULL,'2012-06-25 20:21:42','2012-03-06 19:47:18',NULL,NULL),(23,'学生沟通记录','/page/student/exchange/infomrg.jsp','2',2,'0','1',NULL,'2012-07-22 22:24:36','2012-03-06 19:47:18',NULL,NULL),(37,'角色管理','/page/system/role/role.jsp','2',1,'0','1',NULL,'2012-03-06 19:47:18','2012-03-06 19:47:18',NULL,NULL),(38,'菜单管理','/page/system/menu/menu.jsp','2',1,'0','1',NULL,'2012-03-06 19:47:18','2012-03-06 19:47:18',NULL,NULL),(39,'部门管理','/page/system/department/dep.jsp','2',1,'0','1',NULL,'2012-04-16 20:37:51','2012-04-16 20:37:51',NULL,4),(42,'学生信息登记','/page/student/register/register.jsp','3',2,'0','1',NULL,'2012-04-17 22:31:12','2012-04-17 22:31:12',NULL,NULL),(43,'签单信息查询','/page/contract/info/info.jsp','3',16,'0','1',NULL,'2012-04-17 22:31:12','2012-04-17 22:31:12',NULL,NULL),(44,'个人信息管理','','1',0,'0','0',NULL,'2012-07-11 20:00:56','2012-04-17 22:31:12',NULL,NULL),(45,'未处理签单','/page/personal/task/info.jsp','2',44,'0','1',NULL,'2015-04-28 16:15:28','2012-04-17 22:31:12',NULL,NULL),(46,'已处理签单','/page/personal/taskhis/info.jsp','2',44,'0','1',NULL,'2015-04-28 16:15:40','2012-04-17 22:31:12',NULL,NULL),(47,'学生信息交流','/page/personal/exchange/info.jsp','2',44,'1','1',NULL,'2015-04-28 16:13:06','2012-07-11 20:01:21',NULL,NULL),(48,'教师信息管理','/page/teacher/info/info.jsp','2',15,'0','1',NULL,'2012-08-02 20:40:49','2012-07-11 20:01:21',NULL,NULL),(51,'统计查询',NULL,'1',0,'0','0',NULL,'2012-07-11 20:01:21','2012-07-11 20:01:21',NULL,NULL),(52,'签单统计',NULL,'2',51,'0','0',NULL,'2012-07-11 20:01:21','2012-07-11 20:01:21',NULL,NULL),(53,'签单日统计','/jasperreports/query/OrderCountDaily.jsp','3',52,'0','1',NULL,'2012-07-11 20:01:21','2012-07-11 20:01:21',NULL,NULL),(54,'消息管理',NULL,'1',0,'0','0',NULL,'2012-07-11 20:01:21','2012-07-11 20:01:21',NULL,NULL),(55,'全部消息历史','/page/notice/allhis/info.jsp','2',54,'0','1',NULL,'2012-12-06 22:20:00','2012-07-11 20:01:21',NULL,NULL),(56,'发送消息','/page/notice/edit/edit.jsp','2',54,'0','1',NULL,'2012-12-06 22:20:00','2012-08-12 22:41:53',NULL,NULL),(57,'已发消息','/page/notice/personalhis/info.jsp','2',54,'0','1',NULL,'2012-12-06 22:20:00','2012-08-12 22:41:53',NULL,NULL),(58,'收件箱','/page/notice/personalhis/noreadinfo.jsp','2',54,'0','1',NULL,'2012-12-06 22:20:00','2012-08-16 23:32:07',NULL,NULL),(59,'市场管理',NULL,'1',0,'0','0',NULL,'2012-08-16 23:45:07','2012-08-16 23:32:07',NULL,NULL),(60,'客户管理','/page/market/customer/info/info.jsp','2',59,'0','1',NULL,'2012-12-06 22:20:00','2012-08-16 23:45:07',NULL,NULL),(61,'来电交流管理','/page/market/customer/exchange/info.jsp','2',59,'0','1',NULL,'2012-12-06 22:20:00','2012-08-16 23:45:07',NULL,NULL),(62,'课程管理',NULL,'1',0,'0','0',NULL,'2012-08-16 23:45:07','2012-08-16 23:45:07',NULL,NULL),(63,'课程分数管理','/page/course/score/info.jsp','2',62,'0','1',NULL,'2012-08-16 23:45:07','2012-08-16 23:45:07',NULL,NULL),(64,'课程评价管理','/page/course/evaluation/info.jsp','2',62,'0','1',NULL,'2012-08-16 23:45:07','2012-08-16 23:45:07',NULL,NULL),(65,'课时管理','/page/course/hour/info.jsp','2',62,'0','1',NULL,'2012-09-12 22:02:37','2012-08-16 23:45:07',NULL,NULL),(66,'授课老师关联学生','/page/teacher/refstudent/info.jsp','2',15,'0','1',NULL,'2012-12-06 22:23:00','2012-09-12 22:02:37',NULL,NULL),(68,'我的学生','/page/teacher/refstudent/info.jsp?isLoginOper=true','2',15,'0','1',NULL,'2012-10-25 22:00:34','2012-10-25 22:00:34',NULL,NULL),(69,'教师信息查询','/page/teacher/info/info.jsp?isOnlyQuery=true','2',15,'0','1',NULL,'2012-11-12 22:31:59','2012-10-25 22:00:34',NULL,NULL),(71,'签单月统计','/jasperreports/query/OrderCountMonthly.jsp','3',52,'0','1',NULL,'2012-11-28 23:28:26','2012-11-12 22:31:59',NULL,NULL),(73,'来电交流查询','/page/market/customer/exchange/info.jsp?isOnlyQuery=true','2',59,'0','1',NULL,'2012-11-28 23:26:15','2012-11-28 23:26:15',NULL,NULL),(74,'系统访问日志','/page/system/trace/trace.jsp','2',1,'0','1',NULL,'2012-11-28 23:26:15','2012-11-28 23:26:15',NULL,NULL),(75,'学生信息查询','/page/student/infomrg/infomrg.jsp?isOnlyQuery=true','2',2,'0','1',NULL,'2012-12-10 22:34:48','2012-11-28 23:26:15',NULL,NULL),(76,'区域管理','/page/system/area/area.jsp','2',1,'0','1',NULL,'2012-12-10 22:34:48','2012-12-10 22:34:48',NULL,NULL),(77,'教师排课','/page/teacher/course/info.jsp','2',15,'0','1',NULL,'2012-12-10 22:34:48','2012-12-10 22:34:48',NULL,NULL),(78,'课程时间管理','/page/course/period/info.jsp','2',62,'0','1',NULL,'2015-04-20 18:17:29','2012-12-10 22:34:48',NULL,NULL),(79,'重设密码','/page/system/user/password.jsp','2',1,'0','1',NULL,'2015-04-20 18:17:29','2015-04-20 18:17:29',NULL,NULL),(80,'教师日程表','/page/teacher/course/myscheduledaily.jsp','2',15,'0','1',NULL,'2015-04-20 18:17:29','2015-04-20 18:17:29',NULL,NULL),(81,'签单排课','/page/contract/schedule/info.jsp','2',16,'0','1',NULL,'2015-04-20 18:17:29','2015-04-20 18:17:29',NULL,NULL);

UNLOCK TABLES;

/*Data for the table `sys_param` */

LOCK TABLES `sys_param` WRITE;

insert  into `sys_param`(`param_code`,`param_name`,`param_value`,`root_code`,`des`,`seq`,`iseff`,`create_time`,`last_update`) values ('','',NULL,NULL,NULL,NULL,'0','2015-04-11 17:20:51','0000-00-00 00:00:00'),('ACCEPT','确认','0','TASK_OPER',NULL,'0','0','2012-03-13 20:50:21','2012-03-13 20:50:21'),('APPLY_STATUS','审批结果',NULL,NULL,NULL,NULL,'0','2012-03-13 20:50:21','2012-03-13 20:50:21'),('ATTACH_TYPE_A','初期辅导方案','1','ATTACH_TYPE',NULL,'0','0','2012-03-13 20:50:21','2012-03-13 20:50:21'),('ATTACH_TYPE_B','华实模拟协议','2','ATTACH_TYPE',NULL,'0','0','2012-03-13 20:50:21','2012-03-13 20:50:21'),('ATTACH_TYPE_C','全方位测评报告','3','ATTACH_TYPE',NULL,'0','0','2012-03-13 20:50:21','2012-03-13 20:50:21'),('ATTACH_TYPE_D','教学安排表','4','ATTACH_TYPE',NULL,'0','0','2012-03-13 20:50:21','2012-03-13 20:50:21'),('ATTACH_TYPE_F','教学方案','5','ATTACH_TYPE',NULL,'0','0','2012-03-13 20:50:21','2012-03-13 20:50:21'),('CONTRACT_STATUS','签单状态',NULL,NULL,NULL,NULL,'0','2012-03-13 20:50:21','2012-03-13 20:50:21'),('COURSEHOUR_CANCEL','已取消','1','COURSE_HOUR_STATUS',NULL,'1','0','2012-03-13 20:50:21','2012-03-13 20:50:21'),('COURSEHOUR_SETTLE','已清算','0','COURSE_HOUR_STATUS',NULL,'0','0','2012-03-13 20:50:21','2012-03-13 20:50:21'),('COURSE_DILI','地理','9','ORDER_COURSE',NULL,'9','0','2012-03-13 20:50:21','2012-03-13 20:50:21'),('COURSE_HUAXUE','化学','5','ORDER_COURSE',NULL,'5','0','2012-03-13 20:50:21','2012-03-13 20:50:21'),('COURSE_LISHI','历史','8','ORDER_COURSE',NULL,'8','0','2012-03-13 20:50:21','2012-03-13 20:50:21'),('COURSE_SHENGWU','生物','7','ORDER_COURSE',NULL,'7','0','2012-03-13 20:50:21','2012-03-13 20:50:21'),('COURSE_SHUXUE','数学','2','ORDER_COURSE',NULL,'2','0','2012-03-13 20:50:21','2012-03-13 20:50:21'),('COURSE_WULI','物理','4','ORDER_COURSE',NULL,'4','0','2012-03-13 20:50:21','2012-03-13 20:50:21'),('COURSE_YINGWEN','英文','3','ORDER_COURSE',NULL,'3','0','2012-03-13 20:50:21','2012-03-13 20:50:21'),('COURSE_YUWEN','语文','1','ORDER_COURSE',NULL,'1','0','2012-03-13 20:50:21','2012-03-13 20:50:21'),('COURSE_ZHENGZHI','政治','6','ORDER_COURSE',NULL,'6','0','2012-03-13 20:50:21','2012-03-13 20:50:21'),('CUSTOMER_STATUS','客户当前状态',NULL,NULL,NULL,NULL,'0','2012-03-13 20:50:21','2012-03-13 20:50:21'),('CUSTOMER_STATUS_A','去电','0','CUSTOMER_STATUS',NULL,NULL,'0','2012-03-13 20:50:21','2012-03-13 20:50:21'),('CUSTOMER_STATUS_B','未上门','1','CUSTOMER_STATUS',NULL,NULL,'0','2012-03-13 20:50:21','2012-03-13 20:50:21'),('CUSTOMER_STATUS_C','已上门','2','CUSTOMER_STATUS',NULL,NULL,'0','2012-03-13 20:50:21','2012-03-13 20:50:21'),('EDUADMIN_CONFIRM','教务部审批','5','CONTRACT_STATUS',NULL,'5','0','2012-03-13 20:50:21','2012-03-13 20:50:21'),('EDUADMIN_DISPATCH','教务部分配班主任','2','CONTRACT_STATUS',NULL,'2','0','2012-03-13 20:50:21','2012-03-13 20:50:21'),('EFFECTIVE','有效','0','ISEFF',NULL,'0','0','2012-03-13 20:50:21','2012-03-13 20:50:21'),('FORMAL_TEACHER','正式教师','0','TEACHER_TYPE',NULL,'0','0','2012-03-13 20:50:21','2012-03-13 20:50:21'),('FRIDAY','星期五','6','WEEK',NULL,'6','0','2012-03-13 20:50:21','2012-03-13 20:50:21'),('GRADE','年级',NULL,NULL,NULL,'1','0','2012-03-13 20:50:21','2012-03-13 20:50:21'),('HIGH_FIVE','高中二年级','11','GRADE',NULL,'11','0','2012-03-13 20:50:21','2012-03-13 20:50:21'),('HIGH_FOUR','高中一年级','10','GRADE',NULL,'10','0','2012-03-13 20:50:21','2012-03-13 20:50:21'),('HIGH_ONE','初中一年级','7','GRADE',NULL,'7','0','2012-03-13 20:50:21','2012-03-13 20:50:21'),('HIGH_SIX','高中三年级','12','GRADE',NULL,'12','0','2012-03-13 20:50:21','2012-03-13 20:50:21'),('HIGH_THREE','初中三年级','9','GRADE',NULL,'9','0','2012-03-13 20:50:21','2012-03-13 20:50:21'),('HIGH_TWO','初中二年级','8','GRADE',NULL,'8','0','2012-03-13 20:50:21','2012-03-13 20:50:21'),('INEFFECTIVE','无效','1','ISEFF',NULL,'1','0','2012-03-13 20:50:21','2012-03-13 20:50:21'),('ISEFF','是否有效',NULL,NULL,NULL,NULL,'0','2012-03-13 20:50:21','2012-03-13 20:50:21'),('JUNIOR_FIVE',' 小学五年级','5','GRADE',NULL,'5','0','2012-03-13 20:50:21','2012-03-13 20:50:21'),('JUNIOR_FOUR',' 小学四年级','4','GRADE',NULL,'4','0','2012-03-13 20:50:21','2012-03-13 20:50:21'),('JUNIOR_ONE',' 小学一年级','1','GRADE',NULL,'1','0','2012-03-13 20:50:21','2012-03-13 20:50:21'),('JUNIOR_SIX',' 小学六年级','6','GRADE',NULL,'6','0','2012-03-13 20:50:21','2012-03-13 20:50:21'),('JUNIOR_THREE',' 小学三年级','3','GRADE',NULL,'3','0','2012-03-13 20:50:21','2012-03-13 20:50:21'),('JUNIOR_TWO',' 小学二年级','2','GRADE',NULL,'2','0','2012-03-13 20:50:21','2012-03-13 20:50:21'),('LAERNING','授课中','7','CONTRACT_STATUS',NULL,'7','0','2012-03-13 20:50:21','2012-03-13 20:50:21'),('MAINTEACHER_CONFIRM','待班主任确认','3','CONTRACT_STATUS',NULL,'3','0','2012-03-13 20:50:21','2012-03-13 20:50:21'),('MAINTEACHER_HANDLE','班主任处理中','4','CONTRACT_STATUS',NULL,'4','0','2012-03-13 20:50:21','2012-03-13 20:50:21'),('MAN','男','0','SEXTYPE',NULL,'0','0','2012-03-13 20:50:21','2012-03-13 20:50:21'),('MARKETEXECUTIVE_HANDLE','销售主管审批','1','CONTRACT_STATUS',NULL,'1','0','2012-03-13 20:50:21','2012-03-13 20:50:21'),('MONDAY','星期一','2','WEEK',NULL,'2','0','2012-03-13 20:50:21','2012-03-13 20:50:21'),('NEW','新签单','0','CONTRACT_STATUS',NULL,'0','0','2012-03-13 20:50:21','2012-03-13 20:50:21'),('NO','否','0','YESORNO',NULL,'1','0','2012-03-13 20:50:21','2012-03-13 20:50:21'),('NOTICER_DEPARTMENT','部门','2','NOTICER_TYPE',NULL,'2','0','2012-08-12 22:28:19','2012-08-12 22:28:19'),('NOTICER_PERSONAL','个人','0','NOTICER_TYPE',NULL,'0','0','2012-08-12 22:28:19','2012-08-12 22:28:19'),('NOTICER_TYPE','消息者类型',NULL,NULL,NULL,NULL,'0','2012-08-12 22:28:19','0000-00-00 00:00:00'),('NOTICE_NOREAD','未读','0','NOTICE_STATUS',NULL,NULL,'0','2012-03-13 20:50:21','2012-03-13 20:50:21'),('NOTICE_READ','已读','1','NOTICE_STATUS',NULL,NULL,'0','2012-03-13 20:50:21','2012-03-13 20:50:21'),('NOTICE_STATUS','公告状态',NULL,NULL,NULL,NULL,'0','2012-03-13 20:50:21','2012-03-13 20:50:21'),('NOTPASS','不通过','2','APPLY_STATUS',NULL,'2','0','2012-03-13 20:50:21','2012-03-13 20:50:21'),('ORDER_COURSE','签单课程',NULL,NULL,NULL,NULL,'0','2012-03-13 20:50:21','2012-03-13 20:50:21'),('ORDER_RUN_STATUS_A','审批中','0','ORDER_RUN_STATUS',NULL,'0','0','2012-03-13 20:50:21','2012-03-13 20:50:21'),('ORDER_RUN_STATUS_C','授课中','1','ORDER_RUN_STATUS',NULL,'0','0','2012-03-13 20:50:21','2012-03-13 20:50:21'),('ORDER_RUN_STATUS_D','结束','2','ORDER_RUN_STATUS',NULL,'0','0','2012-03-13 20:50:21','2012-03-13 20:50:21'),('OVER','结束','8','CONTRACT_STATUS',NULL,'8','0','2012-03-13 20:50:21','2012-03-13 20:50:21'),('PARTTIME_TEACHER','兼职教师','1','TEACHER_TYPE',NULL,'1','0','2012-03-13 20:50:21','2012-03-13 20:50:21'),('PASS','通过','1','APPLY_STATUS',NULL,'1','0','2012-03-13 20:50:21','2012-03-13 20:50:21'),('POSITION','职位',NULL,NULL,NULL,NULL,'0','2012-03-13 20:50:21','2012-03-13 20:50:21'),('REJECT','拒绝','1','TASK_OPER',NULL,'1','0','2012-03-13 20:50:21','2012-03-13 20:50:21'),('RESIDENT_TYPE','户口类型',NULL,NULL,NULL,NULL,'0','2012-03-13 20:50:21','2012-03-13 20:50:21'),('RESIDENT_TYPE_A','非农业户口','0','RESIDENT_TYPE',NULL,NULL,'0','2012-03-13 20:50:21','2012-03-13 20:50:21'),('RESIDENT_TYPE_B','农业户口','1','RESIDENT_TYPE',NULL,NULL,'0','2012-03-13 20:50:21','2012-03-13 20:50:21'),('RESIDENT_TYPE_C','居民户口','2','RESIDENT_TYPE',NULL,NULL,'0','2012-03-13 20:50:21','2012-03-13 20:50:21'),('SATURDAY','星期六','7','WEEK',NULL,'7','0','2012-03-13 20:50:21','2012-03-13 20:50:21'),('SCHEDULE_DETAIL_FINISH','结束','1','SCHEDULE_DETAIL_STATUS',NULL,'1','0','2012-03-13 20:50:21','2012-03-13 20:50:21'),('SCHEDULE_DETAIL_NOTFINISH','没结束','0','SCHEDULE_DETAIL_STATUS',NULL,'0','0','2012-03-13 20:50:21','2012-03-13 20:50:21'),('SCHEDULE_END','结束','2','SCHEDULE_STATUS',NULL,'2','0','2015-04-11 17:21:37','2012-03-13 20:50:21'),('SCHEDULE_NOTBEGIN','未开始','0','SCHEDULE_STATUS',NULL,'0','0','2015-04-11 17:23:40','2015-04-11 17:23:40'),('SCHEDULE_RUNNING','开始中','1','SCHEDULE_STATUS',NULL,'1','0','2015-04-11 17:21:29','2012-03-13 20:50:21'),('SELLER','销售','0','POSITION',NULL,'0','0','2012-03-13 20:50:21','2012-03-13 20:50:21'),('SEXTYPE','性别',NULL,NULL,NULL,NULL,'0','2012-03-13 20:50:21','2012-03-13 20:50:21'),('STUDENT_TYPE','学生类型',NULL,NULL,NULL,NULL,'0','2012-03-13 20:50:21','2012-03-13 20:50:21'),('STUDENT_TYPE_A','普通借读生','0','STUDENT_TYPE',NULL,NULL,'0','2012-03-13 20:50:21','2012-03-13 20:50:21'),('STUDENT_TYPE_B','正式生','1','STUDENT_TYPE',NULL,NULL,'0','2012-03-13 20:50:21','2012-03-13 20:50:21'),('SUNDAY','星期日','1','WEEK',NULL,'1','0','2012-03-13 20:50:21','2012-03-13 20:50:21'),('TEACHER','教师','1','POSITION',NULL,'1','0','2012-03-13 20:50:21','2012-03-13 20:50:21'),('TEACHER_CONFIRM','待授课老师确认','6','CONTRACT_STATUS',NULL,'6','0','2012-03-13 20:50:21','2012-03-13 20:50:21'),('THURSDAY','星期四','5','WEEK',NULL,'5','0','2012-03-13 20:50:21','2012-03-13 20:50:21'),('TUESDAY','星期二','3','WEEK',NULL,'3','0','2012-03-13 20:50:21','2012-03-13 20:50:21'),('VISIT_SOURCE_TYPE','访问来源',NULL,NULL,NULL,NULL,'0','2012-03-13 20:50:21','2012-03-13 20:50:21'),('VISIT_SOURCE_TYPE_A','来电','0','VISIT_SOURCE_TYPE',NULL,NULL,'0','2012-03-13 20:50:21','2012-03-13 20:50:21'),('VISIT_SOURCE_TYPE_B','短信','1','VISIT_SOURCE_TYPE',NULL,NULL,'0','2012-03-13 20:50:21','2012-03-13 20:50:21'),('VISIT_SOURCE_TYPE_C','老资料回访','2','VISIT_SOURCE_TYPE',NULL,NULL,'0','2012-03-13 20:50:21','2012-03-13 20:50:21'),('WAIT','待审批','0','APPLY_STATUS',NULL,'0','0','2012-03-13 20:50:21','2012-03-13 20:50:21'),('WEBNESDAY','星期三','4','WEEK',NULL,'4','0','2012-03-13 20:50:21','2012-03-13 20:50:21'),('WOMAN','女','1','SEXTYPE',NULL,'1','0','2012-03-13 20:50:21','2012-03-13 20:50:21'),('YES','是','1','YESORNO',NULL,'0','0','2012-03-13 20:50:21','2012-03-13 20:50:21'),('YESORNO','是与否',NULL,NULL,NULL,'0','0','2012-03-13 20:50:21','2012-03-13 20:50:21');

UNLOCK TABLES;

/*Data for the table `sys_right_rel` */

LOCK TABLES `sys_right_rel` WRITE;

insert  into `sys_right_rel`(`id`,`type`,`rel_id`,`target_id`,`create_time`,`last_update`,`rel_right`) values (20,'0','17',40,'2012-08-14 21:46:12','2012-08-14 21:46:12',0),(21,'0','17',41,'2012-08-14 21:46:12','2012-08-14 21:46:12',0),(262,'1','2',2,'2012-08-18 20:17:27','2012-08-18 20:17:27',0),(263,'1','2',12,'2012-08-18 20:17:27','2012-08-18 20:17:27',0),(264,'1','2',23,'2012-08-18 20:17:27','2012-08-18 20:17:27',0),(265,'1','2',42,'2012-08-18 20:17:27','2012-08-18 20:17:27',0),(266,'1','2',15,'2012-08-18 20:17:27','2012-08-18 20:17:27',0),(267,'1','2',48,'2012-08-18 20:17:27','2012-08-18 20:17:27',0),(268,'1','2',16,'2012-08-18 20:17:27','2012-08-18 20:17:27',0),(269,'1','2',17,'2012-08-18 20:17:27','2012-08-18 20:17:27',0),(270,'1','2',43,'2012-08-18 20:17:27','2012-08-18 20:17:27',0),(271,'1','2',44,'2012-08-18 20:17:27','2012-08-18 20:17:27',0),(272,'1','2',45,'2012-08-18 20:17:27','2012-08-18 20:17:27',0),(273,'1','2',46,'2012-08-18 20:17:27','2012-08-18 20:17:27',0),(274,'1','2',47,'2012-08-18 20:17:27','2012-08-18 20:17:27',0),(275,'1','2',54,'2012-08-18 20:17:27','2012-08-18 20:17:27',0),(276,'1','2',56,'2012-08-18 20:17:27','2012-08-18 20:17:27',0),(277,'1','2',57,'2012-08-18 20:17:27','2012-08-18 20:17:27',0),(278,'1','2',58,'2012-08-18 20:17:27','2012-08-18 20:17:27',0),(279,'1','3',2,'2012-08-18 20:17:36','2012-08-18 20:17:36',0),(280,'1','3',12,'2012-08-18 20:17:36','2012-08-18 20:17:36',0),(281,'1','3',23,'2012-08-18 20:17:36','2012-08-18 20:17:36',0),(282,'1','3',15,'2012-08-18 20:17:36','2012-08-18 20:17:36',0),(283,'1','3',48,'2012-08-18 20:17:36','2012-08-18 20:17:36',0),(284,'1','3',16,'2012-08-18 20:17:36','2012-08-18 20:17:36',0),(285,'1','3',43,'2012-08-18 20:17:36','2012-08-18 20:17:36',0),(286,'1','3',44,'2012-08-18 20:17:36','2012-08-18 20:17:36',0),(287,'1','3',45,'2012-08-18 20:17:36','2012-08-18 20:17:36',0),(288,'1','3',46,'2012-08-18 20:17:36','2012-08-18 20:17:36',0),(289,'1','3',47,'2012-08-18 20:17:36','2012-08-18 20:17:36',0),(290,'1','3',51,'2012-08-18 20:17:36','2012-08-18 20:17:36',0),(291,'1','3',52,'2012-08-18 20:17:36','2012-08-18 20:17:36',0),(292,'1','3',53,'2012-08-18 20:17:36','2012-08-18 20:17:36',0),(293,'1','3',54,'2012-08-18 20:17:36','2012-08-18 20:17:36',0),(294,'1','3',56,'2012-08-18 20:17:36','2012-08-18 20:17:36',0),(295,'1','3',57,'2012-08-18 20:17:36','2012-08-18 20:17:36',0),(296,'1','3',58,'2012-08-18 20:17:36','2012-08-18 20:17:36',0),(589,'1','2',2,'2012-11-11 00:35:22','2012-11-11 00:35:22',0),(590,'1','2',12,'2012-11-11 00:35:22','2012-11-11 00:35:22',0),(591,'1','2',23,'2012-11-11 00:35:22','2012-11-11 00:35:22',0),(592,'1','2',42,'2012-11-11 00:35:22','2012-11-11 00:35:22',0),(593,'1','2',15,'2012-11-11 00:35:22','2012-11-11 00:35:22',0),(594,'1','2',48,'2012-11-11 00:35:22','2012-11-11 00:35:22',0),(595,'1','2',16,'2012-11-11 00:35:22','2012-11-11 00:35:22',0),(596,'1','2',17,'2012-11-11 00:35:22','2012-11-11 00:35:22',0),(597,'1','2',43,'2012-11-11 00:35:22','2012-11-11 00:35:22',0),(598,'1','2',44,'2012-11-11 00:35:22','2012-11-11 00:35:22',0),(599,'1','2',45,'2012-11-11 00:35:22','2012-11-11 00:35:22',0),(600,'1','2',46,'2012-11-11 00:35:22','2012-11-11 00:35:22',0),(601,'1','2',47,'2012-11-11 00:35:22','2012-11-11 00:35:22',0),(602,'1','2',54,'2012-11-11 00:35:22','2012-11-11 00:35:22',0),(603,'1','2',56,'2012-11-11 00:35:22','2012-11-11 00:35:22',0),(604,'1','2',57,'2012-11-11 00:35:22','2012-11-11 00:35:22',0),(605,'1','2',58,'2012-11-11 00:35:22','2012-11-11 00:35:22',0),(606,'1','2',59,'2012-11-11 00:35:22','2012-11-11 00:35:22',0),(607,'1','2',60,'2012-11-11 00:35:22','2012-11-11 00:35:22',0),(608,'1','2',61,'2012-11-11 00:35:22','2012-11-11 00:35:22',0),(609,'1','2',2,'2012-11-11 00:35:27','2012-11-11 00:35:27',0),(610,'1','2',12,'2012-11-11 00:35:27','2012-11-11 00:35:27',0),(611,'1','2',23,'2012-11-11 00:35:27','2012-11-11 00:35:27',0),(612,'1','2',42,'2012-11-11 00:35:27','2012-11-11 00:35:27',0),(613,'1','2',16,'2012-11-11 00:35:27','2012-11-11 00:35:27',0),(614,'1','2',17,'2012-11-11 00:35:27','2012-11-11 00:35:27',0),(615,'1','2',43,'2012-11-11 00:35:27','2012-11-11 00:35:27',0),(616,'1','2',44,'2012-11-11 00:35:27','2012-11-11 00:35:27',0),(617,'1','2',45,'2012-11-11 00:35:27','2012-11-11 00:35:27',0),(618,'1','2',46,'2012-11-11 00:35:27','2012-11-11 00:35:27',0),(619,'1','2',47,'2012-11-11 00:35:27','2012-11-11 00:35:27',0),(620,'1','2',54,'2012-11-11 00:35:27','2012-11-11 00:35:27',0),(621,'1','2',56,'2012-11-11 00:35:27','2012-11-11 00:35:27',0),(622,'1','2',57,'2012-11-11 00:35:27','2012-11-11 00:35:27',0),(623,'1','2',58,'2012-11-11 00:35:27','2012-11-11 00:35:27',0),(624,'1','2',59,'2012-11-11 00:35:27','2012-11-11 00:35:27',0),(625,'1','2',60,'2012-11-11 00:35:27','2012-11-11 00:35:27',0),(626,'1','2',61,'2012-11-11 00:35:27','2012-11-11 00:35:27',0),(669,'1','2',2,'2012-11-12 22:47:23','2012-11-12 22:47:23',0),(670,'1','2',12,'2012-11-12 22:47:23','2012-11-12 22:47:23',0),(671,'1','2',23,'2012-11-12 22:47:23','2012-11-12 22:47:23',0),(672,'1','2',42,'2012-11-12 22:47:23','2012-11-12 22:47:23',0),(673,'1','2',15,'2012-11-12 22:47:23','2012-11-12 22:47:23',0),(674,'1','2',66,'2012-11-12 22:47:23','2012-11-12 22:47:23',0),(675,'1','2',69,'2012-11-12 22:47:23','2012-11-12 22:47:23',0),(676,'1','2',16,'2012-11-12 22:47:23','2012-11-12 22:47:23',0),(677,'1','2',17,'2012-11-12 22:47:23','2012-11-12 22:47:23',0),(678,'1','2',43,'2012-11-12 22:47:23','2012-11-12 22:47:23',0),(679,'1','2',44,'2012-11-12 22:47:23','2012-11-12 22:47:23',0),(680,'1','2',45,'2012-11-12 22:47:23','2012-11-12 22:47:23',0),(681,'1','2',46,'2012-11-12 22:47:23','2012-11-12 22:47:23',0),(682,'1','2',47,'2012-11-12 22:47:23','2012-11-12 22:47:23',0),(683,'1','2',54,'2012-11-12 22:47:23','2012-11-12 22:47:23',0),(684,'1','2',56,'2012-11-12 22:47:23','2012-11-12 22:47:23',0),(685,'1','2',57,'2012-11-12 22:47:23','2012-11-12 22:47:23',0),(686,'1','2',58,'2012-11-12 22:47:23','2012-11-12 22:47:23',0),(687,'1','2',59,'2012-11-12 22:47:23','2012-11-12 22:47:23',0),(688,'1','2',60,'2012-11-12 22:47:23','2012-11-12 22:47:23',0),(689,'1','2',61,'2012-11-12 22:47:23','2012-11-12 22:47:23',0),(690,'1','2',2,'2012-11-12 22:47:28','2012-11-12 22:47:28',0),(691,'1','2',12,'2012-11-12 22:47:28','2012-11-12 22:47:28',0),(692,'1','2',23,'2012-11-12 22:47:28','2012-11-12 22:47:28',0),(693,'1','2',42,'2012-11-12 22:47:28','2012-11-12 22:47:28',0),(694,'1','2',15,'2012-11-12 22:47:28','2012-11-12 22:47:28',0),(695,'1','2',66,'2012-11-12 22:47:28','2012-11-12 22:47:28',0),(696,'1','2',68,'2012-11-12 22:47:28','2012-11-12 22:47:28',0),(697,'1','2',69,'2012-11-12 22:47:28','2012-11-12 22:47:28',0),(698,'1','2',16,'2012-11-12 22:47:28','2012-11-12 22:47:28',0),(699,'1','2',17,'2012-11-12 22:47:28','2012-11-12 22:47:28',0),(700,'1','2',43,'2012-11-12 22:47:28','2012-11-12 22:47:28',0),(701,'1','2',44,'2012-11-12 22:47:28','2012-11-12 22:47:28',0),(702,'1','2',45,'2012-11-12 22:47:28','2012-11-12 22:47:28',0),(703,'1','2',46,'2012-11-12 22:47:28','2012-11-12 22:47:28',0),(704,'1','2',47,'2012-11-12 22:47:28','2012-11-12 22:47:28',0),(705,'1','2',54,'2012-11-12 22:47:29','2012-11-12 22:47:29',0),(706,'1','2',56,'2012-11-12 22:47:29','2012-11-12 22:47:29',0),(707,'1','2',57,'2012-11-12 22:47:29','2012-11-12 22:47:29',0),(708,'1','2',58,'2012-11-12 22:47:29','2012-11-12 22:47:29',0),(709,'1','2',59,'2012-11-12 22:47:29','2012-11-12 22:47:29',0),(710,'1','2',60,'2012-11-12 22:47:29','2012-11-12 22:47:29',0),(711,'1','2',61,'2012-11-12 22:47:29','2012-11-12 22:47:29',0),(712,'1','2',2,'2012-11-12 22:47:34','2012-11-12 22:47:34',0),(713,'1','2',12,'2012-11-12 22:47:34','2012-11-12 22:47:34',0),(714,'1','2',23,'2012-11-12 22:47:34','2012-11-12 22:47:34',0),(715,'1','2',42,'2012-11-12 22:47:34','2012-11-12 22:47:34',0),(716,'1','2',15,'2012-11-12 22:47:34','2012-11-12 22:47:34',0),(717,'1','2',66,'2012-11-12 22:47:34','2012-11-12 22:47:34',0),(718,'1','2',69,'2012-11-12 22:47:34','2012-11-12 22:47:34',0),(719,'1','2',16,'2012-11-12 22:47:34','2012-11-12 22:47:34',0),(720,'1','2',17,'2012-11-12 22:47:34','2012-11-12 22:47:34',0),(721,'1','2',43,'2012-11-12 22:47:34','2012-11-12 22:47:34',0),(722,'1','2',44,'2012-11-12 22:47:34','2012-11-12 22:47:34',0),(723,'1','2',45,'2012-11-12 22:47:34','2012-11-12 22:47:34',0),(724,'1','2',46,'2012-11-12 22:47:34','2012-11-12 22:47:34',0),(725,'1','2',47,'2012-11-12 22:47:34','2012-11-12 22:47:34',0),(726,'1','2',54,'2012-11-12 22:47:34','2012-11-12 22:47:34',0),(727,'1','2',56,'2012-11-12 22:47:34','2012-11-12 22:47:34',0),(728,'1','2',57,'2012-11-12 22:47:34','2012-11-12 22:47:34',0),(729,'1','2',58,'2012-11-12 22:47:34','2012-11-12 22:47:34',0),(730,'1','2',59,'2012-11-12 22:47:34','2012-11-12 22:47:34',0),(731,'1','2',60,'2012-11-12 22:47:34','2012-11-12 22:47:34',0),(732,'1','2',61,'2012-11-12 22:47:34','2012-11-12 22:47:34',0),(733,'1','3',2,'2012-11-12 22:48:07','2012-11-12 22:48:07',0),(734,'1','3',12,'2012-11-12 22:48:07','2012-11-12 22:48:07',0),(735,'1','3',23,'2012-11-12 22:48:07','2012-11-12 22:48:07',0),(736,'1','3',15,'2012-11-12 22:48:07','2012-11-12 22:48:07',0),(737,'1','3',69,'2012-11-12 22:48:07','2012-11-12 22:48:07',0),(738,'1','3',16,'2012-11-12 22:48:07','2012-11-12 22:48:07',0),(739,'1','3',43,'2012-11-12 22:48:07','2012-11-12 22:48:07',0),(740,'1','3',44,'2012-11-12 22:48:07','2012-11-12 22:48:07',0),(741,'1','3',45,'2012-11-12 22:48:07','2012-11-12 22:48:07',0),(742,'1','3',46,'2012-11-12 22:48:07','2012-11-12 22:48:07',0),(743,'1','3',47,'2012-11-12 22:48:07','2012-11-12 22:48:07',0),(744,'1','3',51,'2012-11-12 22:48:07','2012-11-12 22:48:07',0),(745,'1','3',52,'2012-11-12 22:48:07','2012-11-12 22:48:07',0),(746,'1','3',53,'2012-11-12 22:48:07','2012-11-12 22:48:07',0),(747,'1','3',54,'2012-11-12 22:48:07','2012-11-12 22:48:07',0),(748,'1','3',56,'2012-11-12 22:48:07','2012-11-12 22:48:07',0),(749,'1','3',57,'2012-11-12 22:48:07','2012-11-12 22:48:07',0),(750,'1','3',58,'2012-11-12 22:48:07','2012-11-12 22:48:07',0),(751,'1','3',2,'2012-11-12 22:48:14','2012-11-12 22:48:14',0),(752,'1','3',12,'2012-11-12 22:48:14','2012-11-12 22:48:14',0),(753,'1','3',23,'2012-11-12 22:48:14','2012-11-12 22:48:14',0),(754,'1','3',15,'2012-11-12 22:48:14','2012-11-12 22:48:14',0),(755,'1','3',69,'2012-11-12 22:48:14','2012-11-12 22:48:14',0),(756,'1','3',16,'2012-11-12 22:48:14','2012-11-12 22:48:14',0),(757,'1','3',43,'2012-11-12 22:48:14','2012-11-12 22:48:14',0),(758,'1','3',44,'2012-11-12 22:48:14','2012-11-12 22:48:14',0),(759,'1','3',45,'2012-11-12 22:48:14','2012-11-12 22:48:14',0),(760,'1','3',46,'2012-11-12 22:48:14','2012-11-12 22:48:14',0),(761,'1','3',47,'2012-11-12 22:48:14','2012-11-12 22:48:14',0),(762,'1','3',51,'2012-11-12 22:48:14','2012-11-12 22:48:14',0),(763,'1','3',52,'2012-11-12 22:48:14','2012-11-12 22:48:14',0),(764,'1','3',53,'2012-11-12 22:48:14','2012-11-12 22:48:14',0),(765,'1','3',54,'2012-11-12 22:48:14','2012-11-12 22:48:14',0),(766,'1','3',56,'2012-11-12 22:48:14','2012-11-12 22:48:14',0),(767,'1','3',57,'2012-11-12 22:48:14','2012-11-12 22:48:14',0),(768,'1','3',58,'2012-11-12 22:48:14','2012-11-12 22:48:14',0),(769,'1','3',59,'2012-11-12 22:48:14','2012-11-12 22:48:14',0),(770,'1','3',60,'2012-11-12 22:48:14','2012-11-12 22:48:14',0),(771,'1','3',61,'2012-11-12 22:48:14','2012-11-12 22:48:14',0),(1097,'1','1',4,'2015-03-08 11:34:19','2015-03-08 11:34:19',1),(1098,'1','1',5,'2015-03-08 11:34:19','2015-03-08 11:34:19',1),(1421,'1','2',2,'2015-05-01 22:46:11','2015-05-01 22:46:11',0),(1422,'1','2',12,'2015-05-01 22:46:11','2015-05-01 22:46:11',0),(1423,'1','2',23,'2015-05-01 22:46:11','2015-05-01 22:46:11',0),(1424,'1','2',42,'2015-05-01 22:46:11','2015-05-01 22:46:11',0),(1425,'1','2',15,'2015-05-01 22:46:11','2015-05-01 22:46:11',0),(1426,'1','2',48,'2015-05-01 22:46:11','2015-05-01 22:46:11',0),(1427,'1','2',66,'2015-05-01 22:46:11','2015-05-01 22:46:11',0),(1428,'1','2',68,'2015-05-01 22:46:11','2015-05-01 22:46:11',0),(1429,'1','2',69,'2015-05-01 22:46:11','2015-05-01 22:46:11',0),(1430,'1','2',16,'2015-05-01 22:46:11','2015-05-01 22:46:11',0),(1431,'1','2',17,'2015-05-01 22:46:12','2015-05-01 22:46:12',0),(1432,'1','2',43,'2015-05-01 22:46:12','2015-05-01 22:46:12',0),(1433,'1','2',44,'2015-05-01 22:46:12','2015-05-01 22:46:12',0),(1434,'1','2',45,'2015-05-01 22:46:12','2015-05-01 22:46:12',0),(1435,'1','2',46,'2015-05-01 22:46:12','2015-05-01 22:46:12',0),(1436,'1','2',47,'2015-05-01 22:46:12','2015-05-01 22:46:12',0),(1437,'1','2',54,'2015-05-01 22:46:12','2015-05-01 22:46:12',0),(1438,'1','2',56,'2015-05-01 22:46:12','2015-05-01 22:46:12',0),(1439,'1','2',57,'2015-05-01 22:46:12','2015-05-01 22:46:12',0),(1440,'1','2',58,'2015-05-01 22:46:12','2015-05-01 22:46:12',0),(1441,'1','2',59,'2015-05-01 22:46:12','2015-05-01 22:46:12',0),(1442,'1','2',60,'2015-05-01 22:46:12','2015-05-01 22:46:12',0),(1443,'1','2',61,'2015-05-01 22:46:12','2015-05-01 22:46:12',0),(1444,'1','3',79,'2015-05-01 22:50:48','2015-05-01 22:50:48',0),(1445,'1','3',2,'2015-05-01 22:50:48','2015-05-01 22:50:48',0),(1446,'1','3',12,'2015-05-01 22:50:48','2015-05-01 22:50:48',0),(1447,'1','3',23,'2015-05-01 22:50:48','2015-05-01 22:50:48',0),(1448,'1','3',15,'2015-05-01 22:50:48','2015-05-01 22:50:48',0),(1449,'1','3',66,'2015-05-01 22:50:49','2015-05-01 22:50:49',0),(1450,'1','3',69,'2015-05-01 22:50:49','2015-05-01 22:50:49',0),(1451,'1','3',16,'2015-05-01 22:50:49','2015-05-01 22:50:49',0),(1452,'1','3',17,'2015-05-01 22:50:49','2015-05-01 22:50:49',0),(1453,'1','3',18,'2015-05-01 22:50:49','2015-05-01 22:50:49',0),(1454,'1','3',43,'2015-05-01 22:50:49','2015-05-01 22:50:49',0),(1455,'1','3',44,'2015-05-01 22:50:49','2015-05-01 22:50:49',0),(1456,'1','3',45,'2015-05-01 22:50:49','2015-05-01 22:50:49',0),(1457,'1','3',46,'2015-05-01 22:50:49','2015-05-01 22:50:49',0),(1458,'1','3',47,'2015-05-01 22:50:49','2015-05-01 22:50:49',0),(1459,'1','3',51,'2015-05-01 22:50:49','2015-05-01 22:50:49',0),(1460,'1','3',52,'2015-05-01 22:50:49','2015-05-01 22:50:49',0),(1461,'1','3',53,'2015-05-01 22:50:49','2015-05-01 22:50:49',0),(1462,'1','3',54,'2015-05-01 22:50:49','2015-05-01 22:50:49',0),(1463,'1','3',56,'2015-05-01 22:50:49','2015-05-01 22:50:49',0),(1464,'1','3',57,'2015-05-01 22:50:49','2015-05-01 22:50:49',0),(1465,'1','3',58,'2015-05-01 22:50:49','2015-05-01 22:50:49',0),(1466,'1','3',59,'2015-05-01 22:50:49','2015-05-01 22:50:49',0),(1467,'1','3',60,'2015-05-01 22:50:49','2015-05-01 22:50:49',0),(1468,'1','3',61,'2015-05-01 22:50:49','2015-05-01 22:50:49',0),(1709,'1','1',1,'2015-05-02 12:05:22','2015-05-02 12:05:22',0),(1710,'1','1',6,'2015-05-02 12:05:22','2015-05-02 12:05:22',0),(1711,'1','1',10,'2015-05-02 12:05:22','2015-05-02 12:05:22',0),(1712,'1','1',37,'2015-05-02 12:05:22','2015-05-02 12:05:22',0),(1713,'1','1',38,'2015-05-02 12:05:22','2015-05-02 12:05:22',0),(1714,'1','1',39,'2015-05-02 12:05:22','2015-05-02 12:05:22',0),(1715,'1','1',74,'2015-05-02 12:05:22','2015-05-02 12:05:22',0),(1716,'1','1',76,'2015-05-02 12:05:22','2015-05-02 12:05:22',0),(1717,'1','1',79,'2015-05-02 12:05:22','2015-05-02 12:05:22',0),(1718,'1','1',2,'2015-05-02 12:05:22','2015-05-02 12:05:22',0),(1719,'1','1',12,'2015-05-02 12:05:22','2015-05-02 12:05:22',0),(1720,'1','1',23,'2015-05-02 12:05:22','2015-05-02 12:05:22',0),(1721,'1','1',42,'2015-05-02 12:05:22','2015-05-02 12:05:22',0),(1722,'1','1',75,'2015-05-02 12:05:22','2015-05-02 12:05:22',0),(1723,'1','1',15,'2015-05-02 12:05:22','2015-05-02 12:05:22',0),(1724,'1','1',48,'2015-05-02 12:05:22','2015-05-02 12:05:22',0),(1725,'1','1',66,'2015-05-02 12:05:22','2015-05-02 12:05:22',0),(1726,'1','1',68,'2015-05-02 12:05:22','2015-05-02 12:05:22',0),(1727,'1','1',69,'2015-05-02 12:05:22','2015-05-02 12:05:22',0),(1728,'1','1',77,'2015-05-02 12:05:22','2015-05-02 12:05:22',0),(1729,'1','1',80,'2015-05-02 12:05:22','2015-05-02 12:05:22',0),(1730,'1','1',16,'2015-05-02 12:05:22','2015-05-02 12:05:22',0),(1731,'1','1',17,'2015-05-02 12:05:23','2015-05-02 12:05:23',0),(1732,'1','1',18,'2015-05-02 12:05:23','2015-05-02 12:05:23',0),(1733,'1','1',43,'2015-05-02 12:05:23','2015-05-02 12:05:23',0),(1734,'1','1',67,'2015-05-02 12:05:23','2015-05-02 12:05:23',0),(1735,'1','1',81,'2015-05-02 12:05:23','2015-05-02 12:05:23',0),(1736,'1','1',44,'2015-05-02 12:05:23','2015-05-02 12:05:23',0),(1737,'1','1',45,'2015-05-02 12:05:23','2015-05-02 12:05:23',0),(1738,'1','1',46,'2015-05-02 12:05:23','2015-05-02 12:05:23',0),(1739,'1','1',47,'2015-05-02 12:05:23','2015-05-02 12:05:23',0),(1740,'1','1',51,'2015-05-02 12:05:23','2015-05-02 12:05:23',0),(1741,'1','1',52,'2015-05-02 12:05:23','2015-05-02 12:05:23',0),(1742,'1','1',53,'2015-05-02 12:05:23','2015-05-02 12:05:23',0),(1743,'1','1',71,'2015-05-02 12:05:23','2015-05-02 12:05:23',0),(1744,'1','1',54,'2015-05-02 12:05:23','2015-05-02 12:05:23',0),(1745,'1','1',55,'2015-05-02 12:05:23','2015-05-02 12:05:23',0),(1746,'1','1',56,'2015-05-02 12:05:23','2015-05-02 12:05:23',0),(1747,'1','1',57,'2015-05-02 12:05:23','2015-05-02 12:05:23',0),(1748,'1','1',58,'2015-05-02 12:05:23','2015-05-02 12:05:23',0),(1749,'1','1',59,'2015-05-02 12:05:23','2015-05-02 12:05:23',0),(1750,'1','1',60,'2015-05-02 12:05:23','2015-05-02 12:05:23',0),(1751,'1','1',61,'2015-05-02 12:05:23','2015-05-02 12:05:23',0),(1752,'1','1',73,'2015-05-02 12:05:23','2015-05-02 12:05:23',0),(1753,'1','1',62,'2015-05-02 12:05:23','2015-05-02 12:05:23',0),(1754,'1','1',63,'2015-05-02 12:05:23','2015-05-02 12:05:23',0),(1755,'1','1',64,'2015-05-02 12:05:23','2015-05-02 12:05:23',0),(1756,'1','1',65,'2015-05-02 12:05:23','2015-05-02 12:05:23',0),(1757,'1','1',78,'2015-05-02 12:05:23','2015-05-02 12:05:23',0),(1811,'1','4',2,'2015-05-02 12:06:09','2015-05-02 12:06:09',0),(1812,'1','4',12,'2015-05-02 12:06:09','2015-05-02 12:06:09',0),(1813,'1','4',23,'2015-05-02 12:06:09','2015-05-02 12:06:09',0),(1814,'1','4',15,'2015-05-02 12:06:09','2015-05-02 12:06:09',0),(1815,'1','4',48,'2015-05-02 12:06:09','2015-05-02 12:06:09',0),(1816,'1','4',68,'2015-05-02 12:06:09','2015-05-02 12:06:09',0),(1817,'1','4',16,'2015-05-02 12:06:09','2015-05-02 12:06:09',0),(1818,'1','4',43,'2015-05-02 12:06:09','2015-05-02 12:06:09',0),(1819,'1','4',81,'2015-05-02 12:06:09','2015-05-02 12:06:09',0),(1820,'1','4',44,'2015-05-02 12:06:09','2015-05-02 12:06:09',0),(1821,'1','4',45,'2015-05-02 12:06:09','2015-05-02 12:06:09',0),(1822,'1','4',46,'2015-05-02 12:06:09','2015-05-02 12:06:09',0),(1823,'1','4',47,'2015-05-02 12:06:09','2015-05-02 12:06:09',0),(1824,'1','4',51,'2015-05-02 12:06:09','2015-05-02 12:06:09',0),(1825,'1','4',52,'2015-05-02 12:06:09','2015-05-02 12:06:09',0),(1826,'1','4',53,'2015-05-02 12:06:09','2015-05-02 12:06:09',0),(1827,'1','4',71,'2015-05-02 12:06:09','2015-05-02 12:06:09',0),(1828,'1','4',54,'2015-05-02 12:06:09','2015-05-02 12:06:09',0),(1829,'1','4',56,'2015-05-02 12:06:09','2015-05-02 12:06:09',0),(1830,'1','4',57,'2015-05-02 12:06:09','2015-05-02 12:06:09',0),(1831,'1','4',58,'2015-05-02 12:06:09','2015-05-02 12:06:09',0),(1832,'1','4',62,'2015-05-02 12:06:09','2015-05-02 12:06:09',0),(1833,'1','4',63,'2015-05-02 12:06:09','2015-05-02 12:06:09',0),(1834,'1','4',64,'2015-05-02 12:06:09','2015-05-02 12:06:09',0),(1835,'1','4',65,'2015-05-02 12:06:09','2015-05-02 12:06:09',0),(1836,'1','5',79,'2015-05-02 12:06:19','2015-05-02 12:06:19',0),(1837,'1','5',2,'2015-05-02 12:06:19','2015-05-02 12:06:19',0),(1838,'1','5',12,'2015-05-02 12:06:19','2015-05-02 12:06:19',0),(1839,'1','5',23,'2015-05-02 12:06:19','2015-05-02 12:06:19',0),(1840,'1','5',42,'2015-05-02 12:06:19','2015-05-02 12:06:19',0),(1841,'1','5',15,'2015-05-02 12:06:19','2015-05-02 12:06:19',0),(1842,'1','5',48,'2015-05-02 12:06:19','2015-05-02 12:06:19',0),(1843,'1','5',66,'2015-05-02 12:06:19','2015-05-02 12:06:19',0),(1844,'1','5',68,'2015-05-02 12:06:19','2015-05-02 12:06:19',0),(1845,'1','5',69,'2015-05-02 12:06:19','2015-05-02 12:06:19',0),(1846,'1','5',77,'2015-05-02 12:06:19','2015-05-02 12:06:19',0),(1847,'1','5',16,'2015-05-02 12:06:19','2015-05-02 12:06:19',0),(1848,'1','5',43,'2015-05-02 12:06:19','2015-05-02 12:06:19',0),(1849,'1','5',81,'2015-05-02 12:06:19','2015-05-02 12:06:19',0),(1850,'1','5',44,'2015-05-02 12:06:19','2015-05-02 12:06:19',0),(1851,'1','5',45,'2015-05-02 12:06:19','2015-05-02 12:06:19',0),(1852,'1','5',46,'2015-05-02 12:06:19','2015-05-02 12:06:19',0),(1853,'1','5',47,'2015-05-02 12:06:19','2015-05-02 12:06:19',0),(1854,'1','5',51,'2015-05-02 12:06:19','2015-05-02 12:06:19',0),(1855,'1','5',52,'2015-05-02 12:06:19','2015-05-02 12:06:19',0),(1856,'1','5',53,'2015-05-02 12:06:19','2015-05-02 12:06:19',0),(1857,'1','5',71,'2015-05-02 12:06:19','2015-05-02 12:06:19',0),(1858,'1','5',54,'2015-05-02 12:06:19','2015-05-02 12:06:19',0),(1859,'1','5',56,'2015-05-02 12:06:19','2015-05-02 12:06:19',0),(1860,'1','5',57,'2015-05-02 12:06:19','2015-05-02 12:06:19',0),(1861,'1','5',58,'2015-05-02 12:06:19','2015-05-02 12:06:19',0),(1862,'1','5',62,'2015-05-02 12:06:19','2015-05-02 12:06:19',0),(1863,'1','5',63,'2015-05-02 12:06:19','2015-05-02 12:06:19',0),(1864,'1','5',64,'2015-05-02 12:06:19','2015-05-02 12:06:19',0),(1865,'1','5',65,'2015-05-02 12:06:19','2015-05-02 12:06:19',0),(1884,'1','6',79,'2015-05-02 13:01:03','2015-05-02 13:01:03',0),(1885,'1','6',2,'2015-05-02 13:01:03','2015-05-02 13:01:03',0),(1886,'1','6',23,'2015-05-02 13:01:03','2015-05-02 13:01:03',0),(1887,'1','6',15,'2015-05-02 13:01:03','2015-05-02 13:01:03',0),(1888,'1','6',68,'2015-05-02 13:01:03','2015-05-02 13:01:03',0),(1889,'1','6',80,'2015-05-02 13:01:03','2015-05-02 13:01:03',0),(1890,'1','6',44,'2015-05-02 13:01:03','2015-05-02 13:01:03',0),(1891,'1','6',45,'2015-05-02 13:01:03','2015-05-02 13:01:03',0),(1892,'1','6',46,'2015-05-02 13:01:03','2015-05-02 13:01:03',0),(1893,'1','6',47,'2015-05-02 13:01:03','2015-05-02 13:01:03',0),(1894,'1','6',54,'2015-05-02 13:01:03','2015-05-02 13:01:03',0),(1895,'1','6',56,'2015-05-02 13:01:03','2015-05-02 13:01:03',0),(1896,'1','6',57,'2015-05-02 13:01:03','2015-05-02 13:01:03',0),(1897,'1','6',58,'2015-05-02 13:01:03','2015-05-02 13:01:03',0),(1898,'1','6',62,'2015-05-02 13:01:03','2015-05-02 13:01:03',0),(1899,'1','6',63,'2015-05-02 13:01:03','2015-05-02 13:01:03',0),(1900,'1','6',64,'2015-05-02 13:01:03','2015-05-02 13:01:03',0);

UNLOCK TABLES;

/*Data for the table `sys_role` */

LOCK TABLES `sys_role` WRITE;

insert  into `sys_role`(`id`,`name`,`iseff`,`create_time`,`last_update`) values (1,'超级管理员','0','2012-04-10 22:35:50','2012-04-10 22:35:50'),(2,'销售','0','2012-04-24 22:06:08','2012-04-24 22:06:09'),(3,'销售主管','0','2012-06-20 00:03:32','2012-06-20 00:03:32'),(4,'教务部主管','0','2012-04-24 22:06:09','2012-04-24 22:06:09'),(5,'班主任','0','2012-04-24 22:06:09','2012-04-24 22:06:09'),(6,'授课老师','0','2012-04-24 22:06:09','2012-04-24 22:06:09');

UNLOCK TABLES;

/*Data for the table `sys_user` */

LOCK TABLES `sys_user` WRITE;

insert  into `sys_user`(`id`,`user_name`,`dep_id`,`password`,`sex`,`position`,`phone`,`addr`,`zipcode`,`iseff`,`create_time`,`last_update`,`role_id`,`email`,`area_id`,`qq`) values (5,'销售主管一号',2,'1','0',NULL,'212112','111','55','0','2015-03-08 22:34:47','2015-04-30 22:25:46',3,NULL,5,NULL),(7,'销售主管二号',2,'1','1',NULL,'13826031714','guangzhou','33','0','2015-03-08 22:34:47','2012-08-16 22:41:26',3,NULL,4,NULL),(10,'销售一号',2,'1','0',NULL,'212112','111','1@ye.com','0','2015-03-08 22:34:47','2015-04-30 22:18:56',2,NULL,5,NULL),(13,'销售二号',2,'1','1',NULL,'1','1','1','0','2015-03-08 22:34:47','2012-08-16 22:39:24',2,NULL,4,NULL),(14,'教务部主管一号',1,'1','1',NULL,'1','1','31','0','2015-03-08 22:34:47','2015-04-30 22:25:58',4,NULL,5,NULL),(15,'教务部主管二号',1,'1','0',NULL,'1','1','5135','0','2015-03-08 22:34:47','2012-08-16 22:40:54',4,NULL,4,NULL),(16,'班主任一号',1,'1','0',NULL,'11','11','11','0','2015-03-08 22:34:47','2015-04-30 22:26:04',5,NULL,5,NULL),(17,'班主任二号',1,'1','1',NULL,'1','11','1','0','2015-03-08 22:34:47','2012-08-16 22:42:09',5,NULL,4,NULL),(18,'国产007',1,'1','0',NULL,'22','111','22','0','2015-04-24 21:56:53','2015-04-24 21:56:41',1,NULL,4,NULL),(19,'王老师',1,'111111','0',NULL,'1','1',NULL,'0','2015-04-27 15:46:28','2015-04-27 10:38:58',6,'1@163.com',4,NULL),(20,'谢老师',1,'111111','1',NULL,'1','111','1','0','2015-04-27 15:46:33','2015-04-30 22:26:17',6,NULL,5,NULL),(21,'林老师',1,'111111','0',NULL,'1','1','1','0','2015-04-27 15:46:35','2015-04-30 22:26:28',6,NULL,5,NULL),(22,'陈老师',1,'111111','0',NULL,'138','111','2@163.com','0','2015-04-27 15:46:38','2012-10-22 22:44:46',6,'2@163.com',4,NULL),(23,'Kelly',1,'111111','1',NULL,'1','1','1','0','2015-03-08 22:34:47','2012-11-22 20:31:20',6,'1',4,NULL),(24,'t1',1,'111111','0',NULL,'1','1',NULL,'0','2015-05-01 23:12:52','2015-05-01 23:16:19',6,'1@1.com',4,'1'),(25,'t2',1,'111111','0',NULL,'1','1',NULL,'0','2015-05-01 23:13:14','2015-05-01 23:13:14',6,NULL,4,NULL),(27,'test111',NULL,'111',NULL,NULL,NULL,NULL,NULL,NULL,'2015-05-01 23:28:47','2015-05-01 23:28:47',NULL,NULL,1,NULL),(28,'test111',NULL,'111',NULL,NULL,NULL,NULL,NULL,NULL,'2015-05-01 23:30:10','2015-05-01 23:30:10',NULL,NULL,1,NULL);

UNLOCK TABLES;

/*!40101 SET SQL_MODE=@OLD_SQL_MODE */;
/*!40014 SET FOREIGN_KEY_CHECKS=@OLD_FOREIGN_KEY_CHECKS */;
/*!40014 SET UNIQUE_CHECKS=@OLD_UNIQUE_CHECKS */;
/*!40111 SET SQL_NOTES=@OLD_SQL_NOTES */;
